entry_date,country_icao_code,country_name,flt_daio,flt_o,flt_i,flt_c,flt_dai,flt_d,flt_a,flt_da,flt_i_excl_c
2025-01-01,LA,Albania,734,604,0,0,130,64,66,130,0
2025-01-02,LA,Albania,860,697,0,0,163,80,83,163,0
2025-01-03,LA,Albania,896,718,0,0,178,91,87,178,0
2025-01-04,LA,Albania,840,680,0,0,160,78,82,160,0
2025-01-05,LA,Albania,924,763,0,0,161,81,80,161,0
2025-01-06,LA,Albania,828,665,0,0,163,82,81,163,0
2025-01-07,LA,Albania,696,560,0,0,136,68,68,136,0
2025-01-08,LA,Albania,660,540,0,0,120,58,62,120,0
2025-01-09,LA,Albania,666,523,0,0,143,73,70,143,0
2025-01-10,LA,Albania,723,557,0,0,166,84,82,166,0
2025-01-11,LA,Albania,730,583,0,0,147,73,74,147,0
2025-01-12,LA,Albania,788,637,0,0,151,76,75,151,0
2025-01-13,LA,Albania,673,516,0,0,157,78,79,157,0
2025-01-14,LA,Albania,539,411,0,0,128,64,64,128,0
2025-01-15,LA,Albania,560,438,0,0,122,61,61,122,0
2025-01-16,LA,Albania,634,483,0,0,151,76,75,151,0
2025-01-17,LA,Albania,672,502,0,0,170,85,85,170,0
2025-01-18,LA,Albania,668,525,1,1,143,72,70,142,0
2025-01-19,LA,Albania,740,591,0,0,149,75,74,149,0
2025-01-20,LA,Albania,665,513,0,0,152,76,76,152,0
2025-01-21,LA,Albania,499,379,0,0,120,60,60,120,0
2025-01-22,LA,Albania,562,444,0,0,118,57,61,118,0
2025-01-23,LA,Albania,646,508,0,0,138,71,67,138,0
2025-01-24,LA,Albania,685,522,0,0,163,81,82,163,0
2025-01-25,LA,Albania,732,588,0,0,144,71,73,144,0
2025-01-26,LA,Albania,796,646,0,0,150,75,75,150,0
2025-01-27,LA,Albania,682,535,0,0,147,74,73,147,0
2025-01-28,LA,Albania,584,462,0,0,122,60,62,122,0
2025-01-29,LA,Albania,617,492,1,1,125,62,62,124,0
2025-01-30,LA,Albania,666,515,0,0,151,77,74,151,0
2025-01-31,LA,Albania,723,556,0,0,167,84,83,167,0
2025-02-01,LA,Albania,674,530,0,0,144,70,74,144,0
2025-02-02,LA,Albania,732,582,0,0,150,77,73,150,0
2025-02-03,LA,Albania,618,464,0,0,154,76,78,154,0
2025-02-04,LA,Albania,612,486,0,0,126,63,63,126,0
2025-02-05,LA,Albania,636,514,0,0,122,61,61,122,0
2025-02-06,LA,Albania,667,523,0,0,144,72,72,144,0
2025-02-07,LA,Albania,773,605,0,0,168,84,84,168,0
2025-02-08,LA,Albania,702,564,0,0,138,68,70,138,0
2025-02-09,LA,Albania,760,611,0,0,149,76,73,149,0
2025-02-10,LA,Albania,696,542,0,0,154,76,78,154,0
2025-02-11,LA,Albania,606,488,0,0,118,59,59,118,0
2025-01-01,UD,Armenia,279,164,0,0,115,57,58,115,0
2025-01-02,UD,Armenia,367,250,0,0,117,57,60,117,0
2025-01-03,UD,Armenia,381,263,0,0,118,61,57,118,0
2025-01-04,UD,Armenia,368,251,0,0,117,60,57,117,0
2025-01-05,UD,Armenia,361,235,0,0,126,60,66,126,0
2025-01-06,UD,Armenia,365,247,0,0,118,62,56,118,0
2025-01-07,UD,Armenia,356,227,0,0,129,63,66,129,0
2025-01-08,UD,Armenia,382,244,0,0,138,69,69,138,0
2025-01-09,UD,Armenia,366,257,0,0,109,54,55,109,0
2025-01-10,UD,Armenia,360,242,1,1,118,57,60,117,0
2025-01-11,UD,Armenia,342,224,1,1,118,63,54,117,0
2025-01-12,UD,Armenia,333,216,0,0,117,56,61,117,0
2025-01-13,UD,Armenia,352,247,0,0,105,54,51,105,0
2025-01-14,UD,Armenia,355,265,0,0,90,43,47,90,0
2025-01-15,UD,Armenia,346,249,0,0,97,49,48,97,0
2025-01-16,UD,Armenia,323,236,0,0,87,43,44,87,0
2025-01-17,UD,Armenia,372,277,0,0,95,48,47,95,0
2025-01-18,UD,Armenia,330,231,0,0,99,50,49,99,0
2025-01-19,UD,Armenia,343,231,0,0,112,55,57,112,0
2025-01-20,UD,Armenia,353,265,0,0,88,46,42,88,0
2025-01-21,UD,Armenia,330,251,0,0,79,39,40,79,0
2025-01-22,UD,Armenia,326,245,0,0,81,40,41,81,0
2025-01-23,UD,Armenia,351,268,0,0,83,43,40,83,0
2025-01-24,UD,Armenia,364,267,0,0,97,46,51,97,0
2025-01-25,UD,Armenia,369,286,0,0,83,43,40,83,0
2025-01-26,UD,Armenia,381,274,0,0,107,52,55,107,0
2025-01-27,UD,Armenia,344,264,0,0,80,42,38,80,0
2025-01-28,UD,Armenia,333,264,0,0,69,33,36,69,0
2025-01-29,UD,Armenia,311,233,0,0,78,40,38,78,0
2025-01-30,UD,Armenia,308,229,0,0,79,40,39,79,0
2025-01-31,UD,Armenia,337,245,0,0,92,45,47,92,0
2025-02-01,UD,Armenia,311,236,1,1,75,39,35,74,0
2025-02-02,UD,Armenia,329,228,0,0,101,50,51,101,0
2025-02-03,UD,Armenia,326,250,0,0,76,39,37,76,0
2025-02-04,UD,Armenia,281,209,0,0,72,36,36,72,0
2025-02-05,UD,Armenia,309,228,0,0,81,40,41,81,0
2025-02-06,UD,Armenia,300,224,0,0,76,38,38,76,0
2025-02-07,UD,Armenia,325,237,0,0,88,42,46,88,0
2025-02-08,UD,Armenia,316,233,0,0,83,43,40,83,0
2025-02-09,UD,Armenia,321,221,0,0,100,50,50,100,0
2025-02-10,UD,Armenia,335,253,0,0,82,45,37,82,0
2025-02-11,UD,Armenia,299,230,0,0,69,31,38,69,0
2025-01-01,LO,Austria,2874,2292,10,1,582,295,277,572,9
2025-01-02,LO,Austria,3604,2806,19,4,798,391,388,779,15
2025-01-03,LO,Austria,3783,2922,22,4,861,421,418,839,18
2025-01-04,LO,Austria,3809,2907,25,2,902,436,441,877,23
2025-01-05,LO,Austria,3690,2869,11,0,821,407,403,810,11
2025-01-06,LO,Austria,3633,2852,11,1,781,383,387,770,10
2025-01-07,LO,Austria,3185,2536,16,0,649,313,320,633,16
2025-01-08,LO,Austria,2904,2267,19,1,637,313,305,618,18
2025-01-09,LO,Austria,3062,2391,26,0,671,321,324,645,26
2025-01-10,LO,Austria,3533,2743,21,2,790,385,384,769,19
2025-01-11,LO,Austria,3368,2601,16,1,767,374,377,751,15
2025-01-12,LO,Austria,3540,2771,18,3,769,377,374,751,15
2025-01-13,LO,Austria,3261,2525,32,3,736,348,356,704,29
2025-01-14,LO,Austria,2669,2082,32,2,587,278,277,555,30
2025-01-15,LO,Austria,2801,2153,29,1,648,311,308,619,28
2025-01-16,LO,Austria,3008,2315,25,2,693,332,336,668,23
2025-01-17,LO,Austria,3517,2713,22,0,804,397,385,782,22
2025-01-18,LO,Austria,3283,2512,11,0,771,378,382,760,11
2025-01-19,LO,Austria,3352,2580,20,0,772,378,374,752,20
2025-01-20,LO,Austria,3425,2691,25,5,734,350,359,709,20
2025-01-21,LO,Austria,2762,2179,20,1,583,278,285,563,19
2025-01-22,LO,Austria,2977,2322,23,2,655,325,307,632,21
2025-01-23,LO,Austria,3201,2506,24,5,695,326,345,671,19
2025-01-24,LO,Austria,3654,2816,30,3,838,401,407,808,27
2025-01-25,LO,Austria,3407,2603,15,2,804,396,393,789,13
2025-01-26,LO,Austria,3504,2707,23,1,797,396,378,774,22
2025-01-27,LO,Austria,3325,2578,25,1,747,361,361,722,24
2025-01-28,LO,Austria,2684,2123,22,1,561,267,272,539,21
2025-01-29,LO,Austria,2951,2271,33,3,680,322,325,647,30
2025-01-30,LO,Austria,3072,2317,32,3,755,356,367,723,29
2025-01-31,LO,Austria,3630,2771,29,2,859,416,414,830,27
2025-02-01,LO,Austria,3530,2656,23,1,874,422,429,851,22
2025-02-02,LO,Austria,3572,2760,20,1,812,402,390,792,19
2025-02-03,LO,Austria,3385,2610,28,1,775,374,373,747,27
2025-02-04,LO,Austria,2793,2178,19,0,615,300,296,596,19
2025-02-05,LO,Austria,3082,2345,36,0,737,358,343,701,36
2025-02-06,LO,Austria,3214,2480,24,3,734,355,355,710,21
2025-02-07,LO,Austria,3649,2814,22,1,835,400,413,813,21
2025-02-08,LO,Austria,3536,2657,20,0,879,428,431,859,20
2025-02-09,LO,Austria,3656,2835,26,2,821,400,395,795,24
2025-02-10,LO,Austria,3526,2734,31,0,792,381,380,761,31
2025-02-11,LO,Austria,3000,2362,26,0,638,316,296,612,26
2025-01-01,EB,Belgium and Luxembourg,2604,1800,1,0,804,407,396,803,1
2025-01-02,EB,Belgium and Luxembourg,3053,2055,11,7,998,486,501,987,4
2025-01-03,EB,Belgium and Luxembourg,3288,2241,12,6,1047,527,508,1035,6
2025-01-04,EB,Belgium and Luxembourg,3098,2198,5,2,900,448,447,895,3
2025-01-05,EB,Belgium and Luxembourg,3145,2158,11,2,987,487,489,976,9
2025-01-06,EB,Belgium and Luxembourg,3095,2103,6,3,992,478,508,986,3
2025-01-07,EB,Belgium and Luxembourg,2739,1822,6,4,917,459,452,911,2
2025-01-08,EB,Belgium and Luxembourg,2538,1725,13,6,813,396,404,800,7
2025-01-09,EB,Belgium and Luxembourg,2647,1779,15,1,868,427,426,853,14
2025-01-10,EB,Belgium and Luxembourg,2958,1998,14,6,960,494,452,946,8
2025-01-11,EB,Belgium and Luxembourg,2807,2061,13,0,746,369,364,733,13
2025-01-12,EB,Belgium and Luxembourg,3001,2140,7,3,861,422,432,854,4
2025-01-13,EB,Belgium and Luxembourg,2768,1921,16,5,847,394,437,831,11
2025-01-14,EB,Belgium and Luxembourg,2354,1547,26,6,807,398,383,781,20
2025-01-15,EB,Belgium and Luxembourg,2402,1605,4,0,797,395,398,793,4
2025-01-16,EB,Belgium and Luxembourg,2709,1788,13,7,921,460,448,908,6
2025-01-17,EB,Belgium and Luxembourg,2954,2031,2,0,923,473,448,921,2
2025-01-18,EB,Belgium and Luxembourg,2850,2119,2,0,731,361,368,729,2
2025-01-19,EB,Belgium and Luxembourg,3034,2171,3,0,863,430,430,860,3
2025-01-20,EB,Belgium and Luxembourg,2954,2000,15,4,954,454,485,939,11
2025-01-21,EB,Belgium and Luxembourg,2452,1663,11,5,789,397,381,778,6
2025-01-22,EB,Belgium and Luxembourg,2647,1768,13,7,879,429,437,866,6
2025-01-23,EB,Belgium and Luxembourg,2763,1836,22,14,927,458,447,905,8
2025-01-24,EB,Belgium and Luxembourg,3050,2086,9,5,964,489,466,955,4
2025-01-25,EB,Belgium and Luxembourg,2872,2101,13,5,771,379,379,758,8
2025-01-26,EB,Belgium and Luxembourg,3079,2174,10,3,905,443,452,895,7
2025-01-27,EB,Belgium and Luxembourg,2864,1899,12,4,965,459,494,953,8
2025-01-28,EB,Belgium and Luxembourg,2442,1636,12,5,806,396,398,794,7
2025-01-29,EB,Belgium and Luxembourg,2627,1732,12,9,895,446,437,883,3
2025-01-30,EB,Belgium and Luxembourg,2664,1732,16,6,932,464,452,916,10
2025-01-31,EB,Belgium and Luxembourg,3062,2069,20,12,993,494,479,973,8
2025-02-01,EB,Belgium and Luxembourg,2923,2146,11,2,777,378,388,766,9
2025-02-02,EB,Belgium and Luxembourg,3138,2222,10,1,916,453,453,906,9
2025-02-03,EB,Belgium and Luxembourg,3028,2006,22,10,1022,483,517,1000,12
2025-02-04,EB,Belgium and Luxembourg,2572,1709,18,11,863,428,417,845,7
2025-02-05,EB,Belgium and Luxembourg,2709,1845,6,1,864,438,420,858,5
2025-02-06,EB,Belgium and Luxembourg,2850,1879,8,3,971,481,482,963,5
2025-02-07,EB,Belgium and Luxembourg,3207,2168,13,5,1039,525,501,1026,8
2025-02-08,EB,Belgium and Luxembourg,3077,2273,10,3,804,393,401,794,7
2025-02-09,EB,Belgium and Luxembourg,3261,2284,8,2,977,481,488,969,6
2025-02-10,EB,Belgium and Luxembourg,3168,2157,12,3,1011,488,511,999,9
2025-02-11,EB,Belgium and Luxembourg,2707,1842,7,4,865,424,434,858,3
2025-01-01,LQ,Bosnia-Herzegovina,1126,1086,1,0,40,19,20,39,1
2025-01-02,LQ,Bosnia-Herzegovina,1256,1207,0,0,49,23,26,49,0
2025-01-03,LQ,Bosnia-Herzegovina,1247,1180,1,0,67,34,32,66,1
2025-01-04,LQ,Bosnia-Herzegovina,1241,1193,0,0,48,23,25,48,0
2025-01-05,LQ,Bosnia-Herzegovina,1354,1301,1,1,53,26,26,52,0
2025-01-06,LQ,Bosnia-Herzegovina,1215,1142,1,1,73,36,36,72,0
2025-01-07,LQ,Bosnia-Herzegovina,992,951,0,0,41,19,22,41,0
2025-01-08,LQ,Bosnia-Herzegovina,1040,978,1,1,62,32,29,61,0
2025-01-09,LQ,Bosnia-Herzegovina,1016,970,0,0,46,23,23,46,0
2025-01-10,LQ,Bosnia-Herzegovina,1093,1031,0,0,62,32,30,62,0
2025-01-11,LQ,Bosnia-Herzegovina,1084,1041,0,0,43,21,22,43,0
2025-01-12,LQ,Bosnia-Herzegovina,1181,1139,0,0,42,21,21,42,0
2025-01-13,LQ,Bosnia-Herzegovina,1090,1017,0,0,73,36,37,73,0
2025-01-14,LQ,Bosnia-Herzegovina,923,878,0,0,45,22,23,45,0
2025-01-15,LQ,Bosnia-Herzegovina,927,882,0,0,45,23,22,45,0
2025-01-16,LQ,Bosnia-Herzegovina,1020,974,1,1,46,22,23,45,0
2025-01-17,LQ,Bosnia-Herzegovina,1122,1053,1,1,69,35,33,68,0
2025-01-18,LQ,Bosnia-Herzegovina,1042,999,0,0,43,21,22,43,0
2025-01-19,LQ,Bosnia-Herzegovina,1076,1032,0,0,44,22,22,44,0
2025-01-20,LQ,Bosnia-Herzegovina,1049,984,0,0,65,32,33,65,0
2025-01-21,LQ,Bosnia-Herzegovina,894,847,0,0,47,24,23,47,0
2025-01-22,LQ,Bosnia-Herzegovina,971,923,2,0,48,23,23,46,2
2025-01-23,LQ,Bosnia-Herzegovina,1050,1006,1,1,44,21,22,43,0
2025-01-24,LQ,Bosnia-Herzegovina,1117,1049,0,0,68,35,33,68,0
2025-01-25,LQ,Bosnia-Herzegovina,1057,1010,1,1,47,24,22,46,0
2025-01-26,LQ,Bosnia-Herzegovina,1151,1103,0,0,48,22,26,48,0
2025-01-27,LQ,Bosnia-Herzegovina,1071,1002,0,0,69,36,33,69,0
2025-01-28,LQ,Bosnia-Herzegovina,849,805,1,0,44,20,23,43,1
2025-01-29,LQ,Bosnia-Herzegovina,900,850,2,0,50,26,22,48,2
2025-01-30,LQ,Bosnia-Herzegovina,975,930,0,0,45,21,24,45,0
2025-01-31,LQ,Bosnia-Herzegovina,1135,1066,2,1,69,35,32,67,1
2025-02-01,LQ,Bosnia-Herzegovina,1094,1046,1,1,48,23,24,47,0
2025-02-02,LQ,Bosnia-Herzegovina,1182,1135,1,0,47,23,23,46,1
2025-02-03,LQ,Bosnia-Herzegovina,1108,1041,0,0,67,33,34,67,0
2025-02-04,LQ,Bosnia-Herzegovina,954,905,2,1,49,24,23,47,1
2025-02-05,LQ,Bosnia-Herzegovina,1000,949,2,1,51,25,24,49,1
2025-02-06,LQ,Bosnia-Herzegovina,937,888,3,1,49,21,25,46,2
2025-02-07,LQ,Bosnia-Herzegovina,1136,1066,0,0,70,37,33,70,0
2025-02-08,LQ,Bosnia-Herzegovina,1136,1094,0,0,42,20,22,42,0
2025-02-09,LQ,Bosnia-Herzegovina,1207,1160,0,0,47,23,24,47,0
2025-02-10,LQ,Bosnia-Herzegovina,1156,1089,0,0,67,34,33,67,0
2025-02-11,LQ,Bosnia-Herzegovina,931,889,0,0,42,21,21,42,0
2025-01-01,LB,Bulgaria,2107,1969,5,0,138,64,69,133,5
2025-01-02,LB,Bulgaria,2482,2193,14,1,289,135,140,275,13
2025-01-03,LB,Bulgaria,2527,2307,6,0,220,108,106,214,6
2025-01-04,LB,Bulgaria,2612,2383,3,1,229,113,113,226,2
2025-01-05,LB,Bulgaria,2642,2427,7,0,215,99,109,208,7
2025-01-06,LB,Bulgaria,2398,2208,6,0,190,92,92,184,6
2025-01-07,LB,Bulgaria,2285,2121,8,0,164,77,79,156,8
2025-01-08,LB,Bulgaria,2300,2142,8,0,158,75,75,150,8
2025-01-09,LB,Bulgaria,2333,2162,8,0,171,82,81,163,8
2025-01-10,LB,Bulgaria,2451,2267,8,2,184,91,85,176,6
2025-01-11,LB,Bulgaria,2457,2277,4,0,180,87,89,176,4
2025-01-12,LB,Bulgaria,2510,2310,8,1,200,96,96,192,7
2025-01-13,LB,Bulgaria,2287,2106,8,1,181,84,89,173,7
2025-01-14,LB,Bulgaria,2208,2060,19,3,148,64,65,129,16
2025-01-15,LB,Bulgaria,2273,2113,15,3,160,74,71,145,12
2025-01-16,LB,Bulgaria,2401,2206,8,0,195,95,92,187,8
2025-01-17,LB,Bulgaria,2437,2248,8,1,189,91,90,181,7
2025-01-18,LB,Bulgaria,2394,2224,2,0,170,86,82,168,2
2025-01-19,LB,Bulgaria,2472,2275,6,0,197,93,98,191,6
2025-01-20,LB,Bulgaria,2257,2077,13,3,180,86,81,167,10
2025-01-21,LB,Bulgaria,2224,2070,18,3,154,69,67,136,15
2025-01-22,LB,Bulgaria,2268,2112,16,3,156,66,74,140,13
2025-01-23,LB,Bulgaria,2303,2100,17,2,203,95,91,186,15
2025-01-24,LB,Bulgaria,2328,2140,7,0,188,92,89,181,7
2025-01-25,LB,Bulgaria,2372,2187,4,0,185,89,92,181,4
2025-01-26,LB,Bulgaria,2393,2178,10,0,215,100,105,205,10
2025-01-27,LB,Bulgaria,2148,1975,6,0,173,86,81,167,6
2025-01-28,LB,Bulgaria,2143,1992,18,0,151,65,68,133,18
2025-01-29,LB,Bulgaria,2200,2034,16,2,166,77,73,150,14
2025-01-30,LB,Bulgaria,2292,2094,16,1,198,92,90,182,15
2025-01-31,LB,Bulgaria,2340,2143,10,3,197,92,95,187,7
2025-02-01,LB,Bulgaria,2385,2173,9,3,212,101,102,203,6
2025-02-02,LB,Bulgaria,2458,2248,8,1,210,100,102,202,7
2025-02-03,LB,Bulgaria,2194,2000,18,8,194,90,86,176,10
2025-02-04,LB,Bulgaria,2152,1982,16,0,170,77,77,154,16
2025-02-05,LB,Bulgaria,2174,2004,16,1,170,78,76,154,15
2025-02-06,LB,Bulgaria,2199,1999,17,2,200,92,91,183,15
2025-02-07,LB,Bulgaria,2314,2136,9,0,178,83,86,169,9
2025-02-08,LB,Bulgaria,2434,2234,3,0,200,100,97,197,3
2025-02-09,LB,Bulgaria,2424,2214,7,1,210,98,105,203,6
2025-02-10,LB,Bulgaria,2168,1989,6,0,179,88,85,173,6
2025-02-11,LB,Bulgaria,2136,1963,12,0,173,76,85,161,12
2025-01-01,LD,Croatia,1754,1628,14,0,126,57,55,112,14
2025-01-02,LD,Croatia,2038,1879,25,0,159,70,64,134,25
2025-01-03,LD,Croatia,2082,1903,28,0,179,75,76,151,28
2025-01-04,LD,Croatia,2003,1844,19,1,159,70,70,140,18
2025-01-05,LD,Croatia,2203,2054,18,0,149,66,65,131,18
2025-01-06,LD,Croatia,1965,1806,25,0,159,68,66,134,25
2025-01-07,LD,Croatia,1701,1551,23,1,150,63,64,127,22
2025-01-08,LD,Croatia,1628,1498,19,1,130,53,58,111,18
2025-01-09,LD,Croatia,1651,1528,24,1,123,51,48,99,23
2025-01-10,LD,Croatia,1896,1721,29,1,175,75,71,146,28
2025-01-11,LD,Croatia,1755,1632,12,0,123,54,57,111,12
2025-01-12,LD,Croatia,1956,1816,15,0,140,63,62,125,15
2025-01-13,LD,Croatia,1705,1561,16,0,144,65,63,128,16
2025-01-14,LD,Croatia,1389,1266,17,0,123,54,52,106,17
2025-01-15,LD,Croatia,1435,1310,20,1,125,50,55,105,19
2025-01-16,LD,Croatia,1580,1432,29,0,148,60,59,119,29
2025-01-17,LD,Croatia,1790,1612,28,1,178,75,75,150,27
2025-01-18,LD,Croatia,1700,1570,11,0,130,60,59,119,11
2025-01-19,LD,Croatia,1806,1663,18,0,143,63,62,125,18
2025-01-20,LD,Croatia,1618,1459,23,0,159,68,68,136,23
2025-01-21,LD,Croatia,1330,1211,23,2,119,49,47,96,21
2025-01-22,LD,Croatia,1454,1330,20,1,124,50,54,104,19
2025-01-23,LD,Croatia,1596,1465,24,1,131,53,54,107,23
2025-01-24,LD,Croatia,1819,1640,27,1,179,73,79,152,26
2025-01-25,LD,Croatia,1726,1600,11,0,126,57,58,115,11
2025-01-26,LD,Croatia,1906,1761,18,0,145,66,61,127,18
2025-01-27,LD,Croatia,1699,1525,25,0,174,74,75,149,25
2025-01-28,LD,Croatia,1387,1262,21,1,125,54,50,104,20
2025-01-29,LD,Croatia,1455,1324,21,1,131,54,56,110,20
2025-01-30,LD,Croatia,1559,1415,26,1,144,61,57,118,25
2025-01-31,LD,Croatia,1890,1718,25,0,172,71,76,147,25
2025-02-01,LD,Croatia,1757,1625,12,1,132,62,58,120,11
2025-02-02,LD,Croatia,1938,1766,24,2,172,77,71,148,22
2025-02-03,LD,Croatia,1710,1541,31,0,169,66,72,138,31
2025-02-04,LD,Croatia,1475,1344,23,0,131,54,54,108,23
2025-02-05,LD,Croatia,1560,1421,17,1,139,60,62,122,16
2025-02-06,LD,Croatia,1570,1451,21,1,119,52,46,98,20
2025-02-07,LD,Croatia,1856,1695,23,0,161,69,69,138,23
2025-02-08,LD,Croatia,1754,1633,11,0,121,54,56,110,11
2025-02-09,LD,Croatia,1922,1773,19,0,149,65,65,130,19
2025-02-10,LD,Croatia,1774,1610,27,0,164,68,69,137,27
2025-02-11,LD,Croatia,1438,1316,22,0,122,50,50,100,22
2025-01-01,LC,Cyprus,960,794,0,0,166,80,86,166,0
2025-01-02,LC,Cyprus,1130,922,8,8,208,99,101,200,0
2025-01-03,LC,Cyprus,955,724,10,10,231,110,111,221,0
2025-01-04,LC,Cyprus,965,757,5,5,208,102,101,203,0
2025-01-05,LC,Cyprus,1088,869,3,3,219,105,111,216,0
2025-01-06,LC,Cyprus,983,777,7,7,206,99,100,199,0
2025-01-07,LC,Cyprus,925,738,6,6,187,92,89,181,0
2025-01-08,LC,Cyprus,911,744,7,7,167,81,79,160,0
2025-01-09,LC,Cyprus,966,782,10,8,184,82,92,174,2
2025-01-10,LC,Cyprus,854,659,8,6,195,95,92,187,2
2025-01-11,LC,Cyprus,841,680,4,3,161,80,77,157,1
2025-01-12,LC,Cyprus,983,766,6,6,217,104,107,211,0
2025-01-13,LC,Cyprus,889,707,7,7,182,89,86,175,0
2025-01-14,LC,Cyprus,826,679,10,9,147,66,71,137,1
2025-01-15,LC,Cyprus,893,740,5,5,153,78,70,148,0
2025-01-16,LC,Cyprus,1042,867,7,7,175,84,84,168,0
2025-01-17,LC,Cyprus,878,705,7,6,173,82,84,166,1
2025-01-18,LC,Cyprus,873,726,2,1,147,75,70,145,1
2025-01-19,LC,Cyprus,1117,914,4,4,203,97,102,199,0
2025-01-20,LC,Cyprus,945,771,5,5,174,86,83,169,0
2025-01-21,LC,Cyprus,867,721,4,4,146,74,68,142,0
2025-01-22,LC,Cyprus,878,726,3,3,152,69,80,149,0
2025-01-23,LC,Cyprus,1046,858,2,2,188,99,87,186,0
2025-01-24,LC,Cyprus,822,643,6,5,179,83,90,173,1
2025-01-25,LC,Cyprus,860,712,2,2,148,76,70,146,0
2025-01-26,LC,Cyprus,1032,842,3,2,190,95,92,187,1
2025-01-27,LC,Cyprus,927,755,3,3,172,83,86,169,0
2025-01-28,LC,Cyprus,839,699,3,3,140,69,68,137,0
2025-01-29,LC,Cyprus,887,740,4,4,147,71,72,143,0
2025-01-30,LC,Cyprus,992,830,6,5,162,78,78,156,1
2025-01-31,LC,Cyprus,957,790,4,3,167,82,81,163,1
2025-02-01,LC,Cyprus,971,819,2,2,152,77,73,150,0
2025-02-02,LC,Cyprus,1145,958,3,2,187,92,92,184,1
2025-02-03,LC,Cyprus,962,791,4,4,171,82,85,167,0
2025-02-04,LC,Cyprus,945,799,3,2,146,70,73,143,1
2025-02-05,LC,Cyprus,938,776,4,4,162,80,78,158,0
2025-02-06,LC,Cyprus,1011,845,3,3,166,82,81,163,0
2025-02-07,LC,Cyprus,923,745,3,3,178,87,88,175,0
2025-02-08,LC,Cyprus,918,752,1,1,166,81,84,165,0
2025-02-09,LC,Cyprus,1099,904,3,3,195,96,96,192,0
2025-02-10,LC,Cyprus,927,751,6,6,176,85,85,170,0
2025-02-11,LC,Cyprus,903,762,3,3,141,71,67,138,0
2025-01-01,LK,Czech Republic,1584,1316,1,0,268,131,136,267,1
2025-01-02,LK,Czech Republic,1892,1491,6,1,401,192,203,395,5
2025-01-03,LK,Czech Republic,2002,1600,5,2,402,198,199,397,3
2025-01-04,LK,Czech Republic,1874,1557,9,4,317,159,149,308,5
2025-01-05,LK,Czech Republic,1739,1472,6,0,267,129,132,261,6
2025-01-06,LK,Czech Republic,1979,1568,8,4,411,198,205,403,4
2025-01-07,LK,Czech Republic,1655,1366,9,1,289,142,138,280,8
2025-01-08,LK,Czech Republic,1549,1314,3,1,235,114,118,232,2
2025-01-09,LK,Czech Republic,1602,1297,23,9,305,137,145,282,14
2025-01-10,LK,Czech Republic,1871,1526,14,9,345,164,167,331,5
2025-01-11,LK,Czech Republic,1667,1432,8,1,235,116,111,227,7
2025-01-12,LK,Czech Republic,1778,1451,2,2,327,163,162,325,0
2025-01-13,LK,Czech Republic,1728,1391,12,10,337,164,161,325,2
2025-01-14,LK,Czech Republic,1433,1172,18,9,261,122,121,243,9
2025-01-15,LK,Czech Republic,1459,1219,5,0,240,117,118,235,5
2025-01-16,LK,Czech Republic,1642,1324,12,1,318,150,156,306,11
2025-01-17,LK,Czech Republic,1833,1488,4,0,345,174,167,341,4
2025-01-18,LK,Czech Republic,1643,1407,4,4,236,113,119,232,0
2025-01-19,LK,Czech Republic,1779,1450,4,3,329,160,165,325,1
2025-01-20,LK,Czech Republic,1776,1425,16,9,351,171,164,335,7
2025-01-21,LK,Czech Republic,1423,1169,8,1,254,123,123,246,7
2025-01-22,LK,Czech Republic,1557,1291,13,3,266,128,125,253,10
2025-01-23,LK,Czech Republic,1557,1245,8,3,312,150,154,304,5
2025-01-24,LK,Czech Republic,1847,1465,14,5,382,183,185,368,9
2025-01-25,LK,Czech Republic,1736,1481,20,8,255,116,119,235,12
2025-01-26,LK,Czech Republic,1698,1365,9,6,333,156,168,324,3
2025-01-27,LK,Czech Republic,1824,1477,15,8,347,166,166,332,7
2025-01-28,LK,Czech Republic,1412,1161,14,3,251,126,111,237,11
2025-01-29,LK,Czech Republic,1470,1218,21,11,252,114,117,231,10
2025-01-30,LK,Czech Republic,1649,1276,29,17,373,173,171,344,12
2025-01-31,LK,Czech Republic,1822,1456,13,3,366,175,178,353,10
2025-02-01,LK,Czech Republic,1711,1428,23,8,283,136,124,260,15
2025-02-02,LK,Czech Republic,1837,1471,14,7,366,170,182,352,7
2025-02-03,LK,Czech Republic,1819,1436,19,11,383,186,178,364,8
2025-02-04,LK,Czech Republic,1518,1242,16,10,276,127,133,260,6
2025-02-05,LK,Czech Republic,1597,1310,22,4,287,134,131,265,18
2025-02-06,LK,Czech Republic,1702,1367,14,8,335,157,164,321,6
2025-02-07,LK,Czech Republic,1942,1552,15,6,390,193,182,375,9
2025-02-08,LK,Czech Republic,1752,1484,3,2,268,135,130,265,1
2025-02-09,LK,Czech Republic,1813,1432,18,5,381,172,191,363,13
2025-02-10,LK,Czech Republic,1777,1388,26,11,389,187,176,363,15
2025-02-11,LK,Czech Republic,1492,1192,17,9,300,143,140,283,8
2025-01-01,EK,Denmark,1115,594,45,1,521,238,238,476,44
2025-01-02,EK,Denmark,1485,758,72,15,727,328,327,655,57
2025-01-03,EK,Denmark,1530,767,59,5,763,355,349,704,54
2025-01-04,EK,Denmark,1425,783,40,7,642,303,299,602,33
2025-01-05,EK,Denmark,1489,783,49,3,706,326,331,657,46
2025-01-06,EK,Denmark,1480,711,72,4,769,355,342,697,68
2025-01-07,EK,Denmark,1303,682,59,3,621,281,281,562,56
2025-01-08,EK,Denmark,1260,645,76,6,615,268,271,539,70
2025-01-09,EK,Denmark,1315,640,76,5,675,302,297,599,71
2025-01-10,EK,Denmark,1479,724,77,8,755,332,346,678,69
2025-01-11,EK,Denmark,1275,703,27,3,572,271,274,545,24
2025-01-12,EK,Denmark,1339,665,49,5,674,310,315,625,44
2025-01-13,EK,Denmark,1409,643,83,9,766,347,336,683,74
2025-01-14,EK,Denmark,1167,558,84,13,609,261,264,525,71
2025-01-15,EK,Denmark,1145,522,86,6,623,264,273,537,80
2025-01-16,EK,Denmark,1290,606,90,12,684,300,294,594,78
2025-01-17,EK,Denmark,1457,685,94,7,772,338,340,678,87
2025-01-18,EK,Denmark,1193,629,29,3,564,266,269,535,26
2025-01-19,EK,Denmark,1316,653,43,0,663,307,313,620,43
2025-01-20,EK,Denmark,1398,652,73,6,746,343,330,673,67
2025-01-21,EK,Denmark,1184,586,76,4,598,259,263,522,72
2025-01-22,EK,Denmark,1314,662,88,5,652,279,285,564,83
2025-01-23,EK,Denmark,1379,653,95,2,726,319,312,631,93
2025-01-24,EK,Denmark,1484,723,88,6,761,336,337,673,82
2025-01-25,EK,Denmark,1292,690,38,7,602,281,283,564,31
2025-01-26,EK,Denmark,1415,727,50,2,688,315,323,638,48
2025-01-27,EK,Denmark,1498,716,86,5,782,353,343,696,81
2025-01-28,EK,Denmark,1242,589,98,18,653,276,279,555,80
2025-01-29,EK,Denmark,1330,659,98,10,671,286,287,573,88
2025-01-30,EK,Denmark,1373,648,91,11,725,319,315,634,80
2025-01-31,EK,Denmark,1517,719,80,5,798,360,358,718,75
2025-02-01,EK,Denmark,1322,716,33,1,606,284,289,573,32
2025-02-02,EK,Denmark,1420,707,54,4,713,323,336,659,50
2025-02-03,EK,Denmark,1474,685,73,6,789,364,352,716,67
2025-02-04,EK,Denmark,1272,601,98,12,671,285,288,573,86
2025-02-05,EK,Denmark,1329,626,97,14,703,301,305,606,83
2025-02-06,EK,Denmark,1383,627,89,16,756,338,329,667,73
2025-02-07,EK,Denmark,1560,722,82,1,838,377,379,756,81
2025-02-08,EK,Denmark,1414,752,28,1,662,318,316,634,27
2025-02-09,EK,Denmark,1461,731,44,2,730,346,340,686,42
2025-02-10,EK,Denmark,1425,670,61,4,755,350,344,694,57
2025-02-11,EK,Denmark,1291,633,58,8,658,301,299,600,50
2025-01-01,EE,Estonia,347,276,10,2,71,28,33,61,8
2025-01-02,EE,Estonia,453,360,9,1,93,41,43,84,8
2025-01-03,EE,Estonia,421,328,8,2,93,43,42,85,6
2025-01-04,EE,Estonia,434,352,5,1,82,38,39,77,4
2025-01-05,EE,Estonia,458,355,4,0,103,48,51,99,4
2025-01-06,EE,Estonia,438,331,9,1,107,50,48,98,8
2025-01-07,EE,Estonia,385,312,7,1,73,33,33,66,6
2025-01-08,EE,Estonia,392,302,9,1,90,41,40,81,8
2025-01-09,EE,Estonia,407,324,10,2,83,35,38,73,8
2025-01-10,EE,Estonia,390,307,7,1,83,38,38,76,6
2025-01-11,EE,Estonia,401,324,4,1,77,37,36,73,3
2025-01-12,EE,Estonia,409,308,4,0,101,47,50,97,4
2025-01-13,EE,Estonia,428,327,9,1,101,46,46,92,8
2025-01-14,EE,Estonia,358,275,8,0,83,38,37,75,8
2025-01-15,EE,Estonia,369,275,8,0,94,43,43,86,8
2025-01-16,EE,Estonia,399,312,9,1,87,39,39,78,8
2025-01-17,EE,Estonia,404,304,8,2,100,47,45,92,6
2025-01-18,EE,Estonia,411,334,7,3,77,36,34,70,4
2025-01-19,EE,Estonia,431,325,5,1,106,49,52,101,4
2025-01-20,EE,Estonia,413,306,15,5,107,47,45,92,10
2025-01-21,EE,Estonia,336,251,10,2,85,37,38,75,8
2025-01-22,EE,Estonia,350,260,10,2,90,41,39,80,8
2025-01-23,EE,Estonia,372,287,9,1,85,37,39,76,8
2025-01-24,EE,Estonia,392,288,9,1,104,50,45,95,8
2025-01-25,EE,Estonia,380,309,5,1,71,33,33,66,4
2025-01-26,EE,Estonia,399,299,4,0,100,46,50,96,4
2025-01-27,EE,Estonia,381,279,11,3,102,46,45,91,8
2025-01-28,EE,Estonia,309,231,7,3,78,35,36,71,4
2025-01-29,EE,Estonia,349,246,11,3,103,45,47,92,8
2025-01-30,EE,Estonia,362,275,10,2,87,40,37,77,8
2025-01-31,EE,Estonia,374,269,11,3,105,48,46,94,8
2025-02-01,EE,Estonia,363,286,6,2,77,36,35,71,4
2025-02-02,EE,Estonia,387,287,4,0,100,46,50,96,4
2025-02-03,EE,Estonia,376,275,9,1,101,46,46,92,8
2025-02-04,EE,Estonia,358,265,9,1,93,41,43,84,8
2025-02-05,EE,Estonia,364,264,10,2,100,48,42,90,8
2025-02-06,EE,Estonia,384,298,10,1,86,37,39,76,9
2025-02-07,EE,Estonia,396,277,15,7,119,52,52,104,8
2025-02-08,EE,Estonia,375,301,6,2,74,34,34,68,4
2025-02-09,EE,Estonia,420,308,5,1,112,52,55,107,4
2025-02-10,EE,Estonia,388,283,12,4,105,47,46,93,8
2025-02-11,EE,Estonia,335,253,7,3,82,37,38,75,4
2025-01-01,EF,Finland,517,127,68,0,390,158,164,322,68
2025-01-02,EF,Finland,696,179,95,1,517,214,208,422,94
2025-01-03,EF,Finland,648,173,98,0,475,187,190,377,98
2025-01-04,EF,Finland,669,161,92,0,508,208,208,416,92
2025-01-05,EF,Finland,693,174,91,2,519,213,215,428,89
2025-01-06,EF,Finland,604,165,72,0,439,182,185,367,72
2025-01-07,EF,Finland,626,159,99,1,467,186,182,368,98
2025-01-08,EF,Finland,629,139,112,1,490,186,192,378,111
2025-01-09,EF,Finland,644,162,123,0,482,180,179,359,123
2025-01-10,EF,Finland,614,151,113,0,463,173,177,350,113
2025-01-11,EF,Finland,594,129,75,0,465,196,194,390,75
2025-01-12,EF,Finland,629,144,90,0,485,199,196,395,90
2025-01-13,EF,Finland,609,142,113,2,467,178,176,354,111
2025-01-14,EF,Finland,580,114,120,1,466,176,170,346,119
2025-01-15,EF,Finland,597,112,132,1,485,173,180,353,131
2025-01-16,EF,Finland,639,126,145,2,513,186,182,368,143
2025-01-17,EF,Finland,628,131,130,1,497,180,187,367,129
2025-01-18,EF,Finland,564,107,69,0,457,192,196,388,69
2025-01-19,EF,Finland,612,135,86,0,477,196,195,391,86
2025-01-20,EF,Finland,620,134,139,1,486,177,170,347,138
2025-01-21,EF,Finland,558,101,123,0,457,169,165,334,123
2025-01-22,EF,Finland,600,100,131,0,500,182,187,369,131
2025-01-23,EF,Finland,626,127,134,4,499,181,184,365,130
2025-01-24,EF,Finland,664,175,126,0,489,180,183,363,126
2025-01-25,EF,Finland,596,117,75,0,479,198,206,404,75
2025-01-26,EF,Finland,644,137,100,1,507,207,200,407,99
2025-01-27,EF,Finland,604,126,128,1,478,177,173,350,127
2025-01-28,EF,Finland,579,118,110,0,461,178,173,351,110
2025-01-29,EF,Finland,594,108,116,0,486,184,186,370,116
2025-01-30,EF,Finland,627,141,116,2,486,188,182,370,114
2025-01-31,EF,Finland,633,138,120,4,495,179,196,375,116
2025-02-01,EF,Finland,607,125,79,0,482,202,201,403,79
2025-02-02,EF,Finland,660,159,95,2,501,206,200,406,93
2025-02-03,EF,Finland,588,122,113,2,466,178,175,353,111
2025-02-04,EF,Finland,610,116,124,3,494,184,186,370,121
2025-02-05,EF,Finland,646,121,129,2,525,197,199,396,127
2025-02-06,EF,Finland,642,127,129,1,515,196,190,386,128
2025-02-07,EF,Finland,638,146,126,2,492,182,184,366,124
2025-02-08,EF,Finland,619,127,77,0,492,206,209,415,77
2025-02-09,EF,Finland,663,146,90,0,517,214,213,427,90
2025-02-10,EF,Finland,629,127,137,2,502,184,181,365,135
2025-02-11,EF,Finland,641,127,127,2,514,196,191,387,125
2025-01-01,LF,France,7111,4188,395,2,2923,1256,1272,2528,393
2025-01-02,LF,France,8467,4774,623,18,3693,1540,1530,3070,605
2025-01-03,LF,France,8930,4963,736,33,3967,1598,1633,3231,703
2025-01-04,LF,France,8768,5143,480,13,3625,1585,1560,3145,467
2025-01-05,LF,France,8819,5049,585,9,3770,1594,1591,3185,576
2025-01-06,LF,France,8540,4710,814,15,3830,1504,1512,3016,799
2025-01-07,LF,France,7113,3988,801,30,3125,1165,1159,2324,771
2025-01-08,LF,France,6439,3397,806,34,3042,1123,1113,2236,772
2025-01-09,LF,France,6895,3582,925,33,3313,1197,1191,2388,892
2025-01-10,LF,France,7844,4259,891,33,3585,1350,1344,2694,858
2025-01-11,LF,France,7261,4300,429,8,2961,1250,1282,2532,421
2025-01-12,LF,France,7685,4492,485,3,3193,1370,1338,2708,482
2025-01-13,LF,France,7461,3949,917,35,3512,1293,1302,2595,882
2025-01-14,LF,France,6147,3180,932,48,2967,1017,1018,2035,884
2025-01-15,LF,France,6088,3175,796,35,2913,1049,1068,2117,761
2025-01-16,LF,France,6746,3501,924,56,3245,1147,1174,2321,868
2025-01-17,LF,France,7796,4233,905,51,3563,1327,1331,2658,854
2025-01-18,LF,France,7041,4252,342,11,2789,1225,1222,2447,331
2025-01-19,LF,France,7554,4367,515,11,3187,1333,1339,2672,504
2025-01-20,LF,France,7559,4008,886,37,3551,1311,1354,2665,849
2025-01-21,LF,France,6035,3134,826,30,2901,1027,1048,2075,796
2025-01-22,LF,France,6426,3320,847,40,3106,1138,1121,2259,807
2025-01-23,LF,France,7048,3615,1030,103,3433,1195,1208,2403,927
2025-01-24,LF,France,7885,4125,972,68,3760,1398,1390,2788,904
2025-01-25,LF,France,7161,4261,395,21,2900,1272,1233,2505,374
2025-01-26,LF,France,7613,4417,502,9,3196,1352,1342,2694,493
2025-01-27,LF,France,7388,3877,849,75,3511,1326,1336,2662,774
2025-01-28,LF,France,6103,3162,856,99,2941,1049,1036,2085,757
2025-01-29,LF,France,6377,3184,934,80,3193,1127,1132,2259,854
2025-01-30,LF,France,6945,3594,966,89,3351,1200,1185,2385,877
2025-01-31,LF,France,8072,4317,920,69,3755,1417,1418,2835,851
2025-02-01,LF,France,7483,4509,429,22,2974,1280,1265,2545,407
2025-02-02,LF,France,8039,4668,578,20,3371,1393,1400,2793,558
2025-02-03,LF,France,7788,4152,917,68,3636,1358,1361,2719,849
2025-02-04,LF,France,6753,3615,920,96,3138,1114,1104,2218,824
2025-02-05,LF,France,7014,3763,931,62,3251,1150,1170,2320,869
2025-02-06,LF,France,7762,4113,1046,125,3649,1303,1300,2603,921
2025-02-07,LF,France,8554,4583,971,84,3971,1493,1507,3000,887
2025-02-08,LF,France,7844,4732,371,19,3112,1378,1363,2741,352
2025-02-09,LF,France,8260,4832,534,10,3428,1448,1446,2894,524
2025-02-10,LF,France,8176,4330,979,85,3846,1405,1462,2867,894
2025-02-11,LF,France,7208,3878,929,103,3330,1210,1191,2401,826
2025-01-01,UG,Georgia,646,513,0,0,133,65,68,133,0
2025-01-02,UG,Georgia,744,574,0,0,170,85,85,170,0
2025-01-03,UG,Georgia,787,616,0,0,171,85,86,171,0
2025-01-04,UG,Georgia,787,625,0,0,162,81,81,162,0
2025-01-05,UG,Georgia,799,617,0,0,182,89,93,182,0
2025-01-06,UG,Georgia,760,589,2,0,171,90,79,169,2
2025-01-07,UG,Georgia,743,586,0,0,157,76,81,157,0
2025-01-08,UG,Georgia,733,580,0,0,153,75,78,153,0
2025-01-09,UG,Georgia,743,571,0,0,172,88,84,172,0
2025-01-10,UG,Georgia,793,636,2,0,157,76,79,155,2
2025-01-11,UG,Georgia,785,627,0,0,158,81,77,158,0
2025-01-12,UG,Georgia,757,578,0,0,179,86,93,179,0
2025-01-13,UG,Georgia,695,544,0,0,151,81,70,151,0
2025-01-14,UG,Georgia,708,553,0,0,155,77,78,155,0
2025-01-15,UG,Georgia,693,547,0,0,146,71,75,146,0
2025-01-16,UG,Georgia,716,566,0,0,150,76,74,150,0
2025-01-17,UG,Georgia,726,569,3,1,157,75,79,154,2
2025-01-18,UG,Georgia,770,611,0,0,159,80,79,159,0
2025-01-19,UG,Georgia,747,574,3,0,173,86,84,170,3
2025-01-20,UG,Georgia,659,525,2,0,134,69,63,132,2
2025-01-21,UG,Georgia,658,519,0,0,139,67,72,139,0
2025-01-22,UG,Georgia,671,529,0,0,142,71,71,142,0
2025-01-23,UG,Georgia,682,532,0,0,150,73,77,150,0
2025-01-24,UG,Georgia,727,569,2,0,158,77,79,156,2
2025-01-25,UG,Georgia,706,549,0,0,157,77,80,157,0
2025-01-26,UG,Georgia,696,527,2,0,169,85,82,167,2
2025-01-27,UG,Georgia,668,524,0,0,144,77,67,144,0
2025-01-28,UG,Georgia,643,504,2,0,139,64,73,137,2
2025-01-29,UG,Georgia,653,523,0,0,130,67,63,130,0
2025-01-30,UG,Georgia,680,524,0,0,156,77,79,156,0
2025-01-31,UG,Georgia,692,545,0,0,147,71,76,147,0
2025-02-01,UG,Georgia,687,531,0,0,156,81,75,156,0
2025-02-02,UG,Georgia,699,535,2,0,164,80,82,162,2
2025-02-03,UG,Georgia,619,484,2,0,135,71,62,133,2
2025-02-04,UG,Georgia,672,530,1,0,142,66,75,141,1
2025-02-05,UG,Georgia,648,508,3,1,140,72,65,137,2
2025-02-06,UG,Georgia,672,509,0,0,163,80,83,163,0
2025-02-07,UG,Georgia,694,540,0,0,154,74,80,154,0
2025-02-08,UG,Georgia,749,579,2,0,170,82,86,168,2
2025-02-09,UG,Georgia,704,543,0,0,161,81,80,161,0
2025-02-10,UG,Georgia,644,505,5,1,139,70,64,134,4
2025-02-11,UG,Georgia,654,511,2,0,143,68,73,141,2
2025-01-01,ED,Germany,5603,2681,196,4,2922,1395,1331,2726,192
2025-01-02,ED,Germany,7129,3241,312,7,3888,1811,1765,3576,305
2025-01-03,ED,Germany,7384,3423,322,5,3961,1826,1813,3639,317
2025-01-04,ED,Germany,7087,3359,302,5,3728,1705,1721,3426,297
2025-01-05,ED,Germany,6891,3297,216,4,3594,1674,1704,3378,212
2025-01-06,ED,Germany,7305,3400,401,23,3905,1737,1767,3504,378
2025-01-07,ED,Germany,6615,2853,494,57,3762,1624,1644,3268,437
2025-01-08,ED,Germany,6230,2554,536,69,3676,1577,1563,3140,467
2025-01-09,ED,Germany,6427,2714,481,24,3713,1608,1624,3232,457
2025-01-10,ED,Germany,7130,3197,486,27,3933,1726,1721,3447,459
2025-01-11,ED,Germany,6439,3082,362,12,3357,1517,1478,2995,350
2025-01-12,ED,Germany,6761,3174,390,5,3587,1589,1608,3197,385
2025-01-13,ED,Germany,7086,3181,631,55,3905,1613,1661,3274,576
2025-01-14,ED,Germany,6031,2438,681,37,3593,1454,1458,2912,644
2025-01-15,ED,Germany,6018,2459,467,20,3559,1552,1540,3092,447
2025-01-16,ED,Germany,6611,2789,617,51,3822,1598,1607,3205,566
2025-01-17,ED,Germany,7104,3192,505,11,3912,1703,1704,3407,494
2025-01-18,ED,Germany,6230,3038,324,8,3192,1454,1414,2868,316
2025-01-19,ED,Germany,6769,3245,411,12,3524,1545,1568,3113,399
2025-01-20,ED,Germany,7077,3251,546,36,3826,1607,1673,3280,510
2025-01-21,ED,Germany,5986,2533,584,47,3453,1435,1434,2869,537
2025-01-22,ED,Germany,6616,2714,705,52,3902,1605,1592,3197,653
2025-01-23,ED,Germany,6711,2806,623,58,3905,1653,1629,3282,565
2025-01-24,ED,Germany,7270,3214,604,38,4056,1728,1724,3452,566
2025-01-25,ED,Germany,6357,3110,343,5,3247,1474,1430,2904,338
2025-01-26,ED,Germany,6754,3195,379,13,3559,1582,1598,3180,366
2025-01-27,ED,Germany,6887,3107,533,39,3780,1618,1629,3247,494
2025-01-28,ED,Germany,6063,2433,675,60,3630,1466,1489,2955,615
2025-01-29,ED,Germany,6425,2609,679,54,3816,1581,1556,3137,625
2025-01-30,ED,Germany,6734,2782,667,49,3952,1648,1637,3285,618
2025-01-31,ED,Germany,7452,3222,668,28,4230,1772,1790,3562,640
2025-02-01,ED,Germany,6559,3167,407,9,3392,1517,1468,2985,398
2025-02-02,ED,Germany,6990,3268,424,5,3722,1641,1657,3298,419
2025-02-03,ED,Germany,7185,3232,592,45,3953,1660,1701,3361,547
2025-02-04,ED,Germany,6334,2632,654,68,3702,1519,1529,3048,586
2025-02-05,ED,Germany,6637,2741,629,51,3896,1639,1628,3267,578
2025-02-06,ED,Germany,6798,2843,586,43,3955,1683,1686,3369,543
2025-02-07,ED,Germany,7535,3307,593,38,4228,1829,1806,3635,555
2025-02-08,ED,Germany,6811,3303,428,10,3508,1553,1527,3080,418
2025-02-09,ED,Germany,7198,3315,479,13,3883,1690,1714,3404,466
2025-02-10,ED,Germany,7263,3270,557,20,3993,1705,1731,3436,537
2025-02-11,ED,Germany,6466,2681,614,47,3785,1588,1583,3171,567
2025-01-01,LG,Greece,1803,1229,175,5,574,202,197,399,170
2025-01-02,LG,Greece,2174,1376,264,11,798,269,265,534,253
2025-01-03,LG,Greece,2158,1304,321,14,854,266,267,533,307
2025-01-04,LG,Greece,2180,1496,250,6,684,219,215,434,244
2025-01-05,LG,Greece,2290,1518,264,6,772,251,257,508,258
2025-01-06,LG,Greece,2136,1306,318,3,830,256,256,512,315
2025-01-07,LG,Greece,1946,1223,278,12,723,221,224,445,266
2025-01-08,LG,Greece,1797,1161,246,24,636,199,191,390,222
2025-01-09,LG,Greece,1868,1199,260,18,669,207,202,409,242
2025-01-10,LG,Greece,1891,1154,278,13,737,226,233,459,265
2025-01-11,LG,Greece,1872,1272,223,9,600,185,192,377,214
2025-01-12,LG,Greece,2011,1312,249,5,699,228,222,450,244
2025-01-13,LG,Greece,1736,1066,237,11,670,220,213,433,226
2025-01-14,LG,Greece,1514,971,209,15,543,167,167,334,194
2025-01-15,LG,Greece,1595,1012,229,26,583,177,177,354,203
2025-01-16,LG,Greece,1718,1078,243,29,640,202,195,397,214
2025-01-17,LG,Greece,1732,1022,274,20,710,213,223,436,254
2025-01-18,LG,Greece,1790,1227,217,9,563,171,175,346,208
2025-01-19,LG,Greece,1947,1285,240,6,662,211,211,422,234
2025-01-20,LG,Greece,1783,1083,272,17,700,216,212,428,255
2025-01-21,LG,Greece,1578,1016,234,27,562,160,168,328,207
2025-01-22,LG,Greece,1585,1012,219,16,573,178,176,354,203
2025-01-23,LG,Greece,1819,1197,234,22,622,197,191,388,212
2025-01-24,LG,Greece,1832,1088,285,16,744,229,230,459,269
2025-01-25,LG,Greece,1836,1282,213,4,554,173,168,341,209
2025-01-26,LG,Greece,2027,1352,253,5,675,212,210,422,248
2025-01-27,LG,Greece,1820,1116,279,16,704,210,215,425,263
2025-01-28,LG,Greece,1594,1046,235,17,548,157,156,313,218
2025-01-29,LG,Greece,1655,1074,237,15,581,172,172,344,222
2025-01-30,LG,Greece,1775,1119,254,26,656,205,197,402,228
2025-01-31,LG,Greece,1849,1103,277,14,746,228,241,469,263
2025-02-01,LG,Greece,1886,1280,248,9,606,179,179,358,239
2025-02-02,LG,Greece,1982,1283,252,3,699,226,221,447,249
2025-02-03,LG,Greece,1786,1044,304,13,742,215,223,438,291
2025-02-04,LG,Greece,1671,1045,265,24,626,185,176,361,241
2025-02-05,LG,Greece,1704,1051,275,31,653,186,192,378,244
2025-02-06,LG,Greece,1881,1180,282,16,701,211,208,419,266
2025-02-07,LG,Greece,1968,1176,301,10,792,245,246,491,291
2025-02-08,LG,Greece,1903,1294,232,6,609,185,192,377,226
2025-02-09,LG,Greece,2009,1298,256,5,711,231,224,455,251
2025-02-10,LG,Greece,1868,1124,289,24,744,226,229,455,265
2025-02-11,LG,Greece,1739,1136,249,24,603,176,178,354,225
2025-01-01,LH,Hungary,2132,1819,0,0,313,155,158,313,0
2025-01-02,LH,Hungary,2546,2164,0,0,382,188,194,382,0
2025-01-03,LH,Hungary,2695,2314,0,0,381,189,192,381,0
2025-01-04,LH,Hungary,2633,2293,4,0,340,168,168,336,4
2025-01-05,LH,Hungary,2586,2201,4,2,385,191,190,381,2
2025-01-06,LH,Hungary,2635,2256,2,0,379,189,188,377,2
2025-01-07,LH,Hungary,2429,2101,5,3,328,163,160,323,2
2025-01-08,LH,Hungary,2331,2045,4,1,286,141,141,282,3
2025-01-09,LH,Hungary,2405,2062,7,1,343,168,168,336,6
2025-01-10,LH,Hungary,2592,2229,5,1,363,179,179,358,4
2025-01-11,LH,Hungary,2497,2206,3,2,291,146,142,288,1
2025-01-12,LH,Hungary,2572,2204,2,0,368,180,186,366,2
2025-01-13,LH,Hungary,2418,2072,1,1,346,173,172,345,0
2025-01-14,LH,Hungary,2220,1950,6,1,270,134,130,264,5
2025-01-15,LH,Hungary,2290,2018,1,1,272,131,140,271,0
2025-01-16,LH,Hungary,2448,2102,3,2,346,171,172,343,1
2025-01-17,LH,Hungary,2556,2204,0,0,352,177,175,352,0
2025-01-18,LH,Hungary,2402,2111,0,0,291,148,143,291,0
2025-01-19,LH,Hungary,2531,2194,0,0,337,163,174,337,0
2025-01-20,LH,Hungary,2438,2093,2,2,345,170,173,343,0
2025-01-21,LH,Hungary,2203,1947,1,1,256,131,124,255,0
2025-01-22,LH,Hungary,2271,1989,1,1,282,142,139,281,0
2025-01-23,LH,Hungary,2381,2060,4,0,321,160,157,317,4
2025-01-24,LH,Hungary,2492,2118,3,1,374,183,188,371,2
2025-01-25,LH,Hungary,2354,2056,0,0,298,151,147,298,0
2025-01-26,LH,Hungary,2472,2116,7,3,356,171,178,349,4
2025-01-27,LH,Hungary,2365,2013,3,0,352,174,175,349,3
2025-01-28,LH,Hungary,2158,1876,8,4,282,141,133,274,4
2025-01-29,LH,Hungary,2218,1910,14,3,308,147,147,294,11
2025-01-30,LH,Hungary,2392,2047,8,4,345,166,171,337,4
2025-01-31,LH,Hungary,2515,2148,6,3,367,182,179,361,3
2025-02-01,LH,Hungary,2441,2131,3,1,310,158,149,307,2
2025-02-02,LH,Hungary,2529,2183,3,0,346,169,174,343,3
2025-02-03,LH,Hungary,2383,2017,7,2,366,179,180,359,5
2025-02-04,LH,Hungary,2196,1913,1,1,283,142,140,282,0
2025-02-05,LH,Hungary,2194,1887,5,5,307,151,151,302,0
2025-02-06,LH,Hungary,2333,1978,8,1,355,173,174,347,7
2025-02-07,LH,Hungary,2527,2159,8,3,368,176,184,360,5
2025-02-08,LH,Hungary,2466,2152,4,1,314,157,153,310,3
2025-02-09,LH,Hungary,2528,2161,5,1,367,178,184,362,4
2025-02-10,LH,Hungary,2387,2017,5,2,370,186,179,365,3
2025-02-11,LH,Hungary,2266,1968,5,2,298,146,147,293,3
2025-01-01,EI,Ireland,1018,480,8,1,538,262,268,530,7
2025-01-02,EI,Ireland,1324,652,15,4,672,325,332,657,11
2025-01-03,EI,Ireland,1567,769,16,4,798,391,391,782,12
2025-01-04,EI,Ireland,1383,663,8,0,720,354,358,712,8
2025-01-05,EI,Ireland,1535,800,12,0,735,355,368,723,12
2025-01-06,EI,Ireland,1444,678,17,4,766,377,372,749,13
2025-01-07,EI,Ireland,1215,653,21,4,562,273,268,541,17
2025-01-08,EI,Ireland,1107,599,19,6,508,244,245,489,13
2025-01-09,EI,Ireland,1096,514,15,4,582,286,281,567,11
2025-01-10,EI,Ireland,1410,658,17,4,752,361,374,735,13
2025-01-11,EI,Ireland,1308,625,13,2,683,337,333,670,11
2025-01-12,EI,Ireland,1476,751,15,6,725,346,364,710,9
2025-01-13,EI,Ireland,1403,691,12,2,712,354,346,700,10
2025-01-14,EI,Ireland,1133,634,15,3,499,241,243,484,12
2025-01-15,EI,Ireland,1213,681,32,18,532,253,247,500,14
2025-01-16,EI,Ireland,1305,699,22,7,606,296,288,584,15
2025-01-17,EI,Ireland,1489,710,21,7,779,373,385,758,14
2025-01-18,EI,Ireland,1466,782,19,3,684,332,333,665,16
2025-01-19,EI,Ireland,1370,655,25,10,715,347,343,690,15
2025-01-20,EI,Ireland,1448,724,22,6,724,355,347,702,16
2025-01-21,EI,Ireland,1147,644,22,9,503,242,239,481,13
2025-01-22,EI,Ireland,1076,559,23,6,517,247,247,494,17
2025-01-23,EI,Ireland,1122,513,15,2,609,299,295,594,13
2025-01-24,EI,Ireland,852,395,5,0,457,220,232,452,5
2025-01-25,EI,Ireland,1269,555,12,3,714,351,351,702,9
2025-01-26,EI,Ireland,1348,640,10,3,708,350,348,698,7
2025-01-27,EI,Ireland,1275,568,19,6,707,343,345,688,13
2025-01-28,EI,Ireland,1022,507,14,2,515,253,248,501,12
2025-01-29,EI,Ireland,1066,547,14,0,519,247,258,505,14
2025-01-30,EI,Ireland,1224,599,17,2,625,307,301,608,15
2025-01-31,EI,Ireland,1481,688,17,2,793,384,392,776,15
2025-02-01,EI,Ireland,1403,687,9,1,716,352,355,707,8
2025-02-02,EI,Ireland,1302,562,8,0,740,371,361,732,8
2025-02-03,EI,Ireland,1359,648,8,0,711,351,352,703,8
2025-02-04,EI,Ireland,1099,579,24,6,520,248,248,496,18
2025-02-05,EI,Ireland,1131,600,25,9,531,253,253,506,16
2025-02-06,EI,Ireland,1332,708,28,7,624,297,299,596,21
2025-02-07,EI,Ireland,1486,653,29,7,833,400,404,804,22
2025-02-08,EI,Ireland,1474,748,12,2,726,357,357,714,10
2025-02-09,EI,Ireland,1428,673,13,3,755,374,368,742,10
2025-02-10,EI,Ireland,1428,632,27,9,796,383,386,769,18
2025-02-11,EI,Ireland,1144,606,22,6,538,260,256,516,16
2025-01-01,LL,Israel,370,41,37,2,329,146,146,292,35
2025-01-02,LL,Israel,473,88,27,1,385,179,179,358,26
2025-01-03,LL,Israel,344,96,15,0,248,120,113,233,15
2025-01-04,LL,Israel,259,45,28,4,214,87,99,186,24
2025-01-05,LL,Israel,425,44,32,1,381,175,174,349,31
2025-01-06,LL,Israel,408,53,32,1,355,162,161,323,31
2025-01-07,LL,Israel,353,57,24,1,296,137,135,272,23
2025-01-08,LL,Israel,390,41,30,1,349,157,162,319,29
2025-01-09,LL,Israel,408,39,30,3,369,168,171,339,27
2025-01-10,LL,Israel,288,75,15,1,213,107,91,198,14
2025-01-11,LL,Israel,230,45,21,1,185,78,86,164,20
2025-01-12,LL,Israel,421,37,30,3,384,177,177,354,27
2025-01-13,LL,Israel,384,53,27,3,331,156,148,304,24
2025-01-14,LL,Israel,349,42,41,2,307,133,133,266,39
2025-01-15,LL,Israel,396,37,53,1,359,152,154,306,52
2025-01-16,LL,Israel,457,43,35,1,414,192,187,379,34
2025-01-17,LL,Israel,309,73,12,0,236,118,106,224,12
2025-01-18,LL,Israel,237,43,21,1,194,82,91,173,20
2025-01-19,LL,Israel,451,29,34,4,422,191,197,388,30
2025-01-20,LL,Israel,386,48,29,3,338,155,154,309,26
2025-01-21,LL,Israel,354,42,39,2,312,137,136,273,37
2025-01-22,LL,Israel,385,35,42,5,350,153,155,308,37
2025-01-23,LL,Israel,462,36,30,0,426,193,203,396,30
2025-01-24,LL,Israel,308,69,17,2,239,120,102,222,15
2025-01-25,LL,Israel,239,43,20,3,196,81,95,176,17
2025-01-26,LL,Israel,442,34,39,2,408,185,184,369,37
2025-01-27,LL,Israel,392,46,29,5,346,159,158,317,24
2025-01-28,LL,Israel,344,40,35,4,304,134,135,269,31
2025-01-29,LL,Israel,384,46,33,3,338,153,152,305,30
2025-01-30,LL,Israel,462,42,36,1,420,188,196,384,35
2025-01-31,LL,Israel,330,98,22,2,232,111,99,210,20
2025-02-01,LL,Israel,306,94,22,0,212,90,100,190,22
2025-02-02,LL,Israel,476,48,42,3,428,192,194,386,39
2025-02-03,LL,Israel,397,55,41,1,342,153,148,301,40
2025-02-04,LL,Israel,363,51,34,1,312,140,138,278,33
2025-02-05,LL,Israel,394,65,35,2,329,147,147,294,33
2025-02-06,LL,Israel,455,55,27,1,400,186,187,373,26
2025-02-07,LL,Israel,352,112,20,1,240,117,103,220,19
2025-02-08,LL,Israel,291,91,20,0,200,90,90,180,20
2025-02-09,LL,Israel,469,57,34,0,412,183,195,378,34
2025-02-10,LL,Israel,410,69,26,1,341,158,157,315,25
2025-02-11,LL,Israel,378,58,30,4,320,145,145,290,26
2025-01-01,LI,Italy,4448,1545,653,1,2903,1123,1127,2250,652
2025-01-02,LI,Italy,5093,1738,793,11,3355,1287,1275,2562,782
2025-01-03,LI,Italy,5264,1738,834,14,3526,1342,1350,2692,820
2025-01-04,LI,Italy,5052,1833,714,12,3219,1262,1243,2505,702
2025-01-05,LI,Italy,5341,1933,762,10,3408,1325,1321,2646,752
2025-01-06,LI,Italy,5073,1727,804,6,3346,1264,1278,2542,798
2025-01-07,LI,Italy,4320,1382,712,25,2938,1102,1124,2226,687
2025-01-08,LI,Italy,3831,1406,606,24,2425,905,914,1819,582
2025-01-09,LI,Italy,3931,1344,629,23,2587,979,979,1958,606
2025-01-10,LI,Italy,4720,1529,784,18,3191,1197,1210,2407,766
2025-01-11,LI,Italy,4224,1528,611,13,2696,1043,1042,2085,598
2025-01-12,LI,Italy,4733,1667,692,9,3066,1185,1189,2374,683
2025-01-13,LI,Italy,4609,1498,768,16,3111,1172,1171,2343,752
2025-01-14,LI,Italy,3420,1171,561,19,2249,843,845,1688,542
2025-01-15,LI,Italy,3556,1229,577,22,2327,881,869,1750,555
2025-01-16,LI,Italy,3887,1310,626,20,2577,979,972,1951,606
2025-01-17,LI,Italy,4700,1537,779,15,3163,1173,1211,2384,764
2025-01-18,LI,Italy,4162,1523,590,9,2639,1031,1018,2049,581
2025-01-19,LI,Italy,4541,1572,665,8,2969,1146,1158,2304,657
2025-01-20,LI,Italy,4537,1429,770,20,3108,1177,1161,2338,750
2025-01-21,LI,Italy,3476,1149,572,40,2327,870,885,1755,532
2025-01-22,LI,Italy,3671,1262,571,22,2409,918,920,1838,549
2025-01-23,LI,Italy,3959,1329,651,28,2630,993,986,1979,623
2025-01-24,LI,Italy,4806,1555,828,27,3251,1200,1223,2423,801
2025-01-25,LI,Italy,4214,1542,588,9,2672,1056,1028,2084,579
2025-01-26,LI,Italy,4634,1618,689,11,3016,1163,1164,2327,678
2025-01-27,LI,Italy,4583,1415,792,32,3168,1197,1179,2376,760
2025-01-28,LI,Italy,3450,1186,560,17,2264,845,859,1704,543
2025-01-29,LI,Italy,3644,1214,602,30,2430,912,916,1828,572
2025-01-30,LI,Italy,3926,1278,645,37,2648,994,1009,2003,608
2025-01-31,LI,Italy,4882,1596,787,19,3286,1252,1247,2499,768
2025-02-01,LI,Italy,4386,1534,629,10,2852,1118,1105,2223,619
2025-02-02,LI,Italy,4842,1652,721,11,3190,1228,1241,2469,710
2025-02-03,LI,Italy,4711,1416,837,28,3295,1236,1222,2458,809
2025-02-04,LI,Italy,3910,1322,648,37,2588,962,978,1940,611
2025-02-05,LI,Italy,3996,1365,642,34,2631,993,996,1989,608
2025-02-06,LI,Italy,4388,1438,735,35,2950,1103,1112,2215,700
2025-02-07,LI,Italy,5065,1616,836,16,3449,1309,1304,2613,820
2025-02-08,LI,Italy,4558,1640,655,7,2918,1139,1124,2263,648
2025-02-09,LI,Italy,4974,1695,735,8,3279,1267,1277,2544,727
2025-02-10,LI,Italy,4845,1527,815,29,3318,1262,1241,2503,786
2025-02-11,LI,Italy,4009,1336,648,40,2673,1009,1016,2025,608
2025-01-01,EV,Latvia,452,331,0,0,121,62,59,121,0
2025-01-02,EV,Latvia,592,409,0,0,183,91,92,183,0
2025-01-03,EV,Latvia,579,396,1,1,183,93,89,182,0
2025-01-04,EV,Latvia,570,412,0,0,158,80,78,158,0
2025-01-05,EV,Latvia,601,422,0,0,179,87,92,179,0
2025-01-06,EV,Latvia,592,389,1,1,203,100,102,202,0
2025-01-07,EV,Latvia,494,369,2,2,125,62,61,123,0
2025-01-08,EV,Latvia,469,347,0,0,122,61,61,122,0
2025-01-09,EV,Latvia,513,369,0,0,144,72,72,144,0
2025-01-10,EV,Latvia,538,358,0,0,180,91,89,180,0
2025-01-11,EV,Latvia,527,384,0,0,143,71,72,143,0
2025-01-12,EV,Latvia,530,375,1,1,155,75,79,154,0
2025-01-13,EV,Latvia,569,394,0,0,175,88,87,175,0
2025-01-14,EV,Latvia,414,327,0,0,87,44,43,87,0
2025-01-15,EV,Latvia,467,339,7,7,128,61,60,121,0
2025-01-16,EV,Latvia,496,360,1,1,136,68,67,135,0
2025-01-17,EV,Latvia,536,369,1,1,167,85,81,166,0
2025-01-18,EV,Latvia,517,382,0,0,135,66,69,135,0
2025-01-19,EV,Latvia,544,390,0,0,154,77,77,154,0
2025-01-20,EV,Latvia,535,362,0,0,173,87,86,173,0
2025-01-21,EV,Latvia,386,304,1,1,82,39,42,81,0
2025-01-22,EV,Latvia,428,318,0,0,110,54,56,110,0
2025-01-23,EV,Latvia,507,355,2,2,152,73,77,150,0
2025-01-24,EV,Latvia,562,382,1,1,180,93,86,179,0
2025-01-25,EV,Latvia,526,394,0,0,132,68,64,132,0
2025-01-26,EV,Latvia,541,388,1,1,153,73,79,152,0
2025-01-27,EV,Latvia,534,359,1,1,175,87,87,174,0
2025-01-28,EV,Latvia,402,315,5,5,87,41,41,82,0
2025-01-29,EV,Latvia,433,331,1,1,102,51,50,101,0
2025-01-30,EV,Latvia,479,345,3,3,134,66,65,131,0
2025-01-31,EV,Latvia,528,360,0,0,168,86,82,168,0
2025-02-01,EV,Latvia,510,368,0,0,142,69,73,142,0
2025-02-02,EV,Latvia,532,376,0,0,156,78,78,156,0
2025-02-03,EV,Latvia,531,353,2,2,178,87,89,176,0
2025-02-04,EV,Latvia,441,349,0,0,92,48,44,92,0
2025-02-05,EV,Latvia,444,334,1,1,110,52,57,109,0
2025-02-06,EV,Latvia,513,361,1,1,152,76,75,151,0
2025-02-07,EV,Latvia,547,361,1,1,186,94,91,185,0
2025-02-08,EV,Latvia,517,373,2,2,144,70,72,142,0
2025-02-09,EV,Latvia,561,400,2,2,161,79,80,159,0
2025-02-10,EV,Latvia,538,360,0,0,178,90,88,178,0
2025-02-11,EV,Latvia,410,319,3,3,91,45,43,88,0
2025-01-01,EY,Lithuania,425,323,0,0,102,50,52,102,0
2025-01-02,EY,Lithuania,553,409,4,4,144,71,69,140,0
2025-01-03,EY,Lithuania,543,382,6,5,161,76,79,155,1
2025-01-04,EY,Lithuania,534,393,3,3,141,67,71,138,0
2025-01-05,EY,Lithuania,529,388,0,0,141,67,74,141,0
2025-01-06,EY,Lithuania,547,397,3,3,150,75,72,147,0
2025-01-07,EY,Lithuania,501,343,8,8,158,75,75,150,0
2025-01-08,EY,Lithuania,429,309,4,3,120,59,57,116,1
2025-01-09,EY,Lithuania,462,332,7,7,130,58,65,123,0
2025-01-10,EY,Lithuania,510,361,5,4,149,74,70,144,1
2025-01-11,EY,Lithuania,488,367,3,3,121,59,59,118,0
2025-01-12,EY,Lithuania,478,340,4,2,138,65,69,134,2
2025-01-13,EY,Lithuania,514,353,10,7,161,76,75,151,3
2025-01-14,EY,Lithuania,385,272,4,3,113,53,56,109,1
2025-01-15,EY,Lithuania,399,280,6,4,119,57,56,113,2
2025-01-16,EY,Lithuania,442,309,7,5,133,63,63,126,2
2025-01-17,EY,Lithuania,480,328,6,5,152,72,74,146,1
2025-01-18,EY,Lithuania,454,333,5,4,121,61,55,116,1
2025-01-19,EY,Lithuania,484,343,5,4,141,67,69,136,1
2025-01-20,EY,Lithuania,494,345,3,0,149,73,73,146,3
2025-01-21,EY,Lithuania,355,246,7,6,109,51,51,102,1
2025-01-22,EY,Lithuania,382,252,9,6,130,61,60,121,3
2025-01-23,EY,Lithuania,442,304,8,8,138,64,66,130,0
2025-01-24,EY,Lithuania,482,326,6,4,156,76,74,150,2
2025-01-25,EY,Lithuania,481,355,2,2,126,62,62,124,0
2025-01-26,EY,Lithuania,478,334,2,2,144,70,72,142,0
2025-01-27,EY,Lithuania,481,326,9,9,155,71,75,146,0
2025-01-28,EY,Lithuania,373,256,6,5,117,54,57,111,1
2025-01-29,EY,Lithuania,379,248,7,7,131,65,59,124,0
2025-01-30,EY,Lithuania,427,293,5,4,134,64,65,129,1
2025-01-31,EY,Lithuania,475,327,8,5,148,71,69,140,3
2025-02-01,EY,Lithuania,470,345,3,3,125,61,61,122,0
2025-02-02,EY,Lithuania,463,319,2,2,144,72,70,142,0
2025-02-03,EY,Lithuania,466,317,5,5,149,73,71,144,0
2025-02-04,EY,Lithuania,387,267,7,6,120,56,57,113,1
2025-02-05,EY,Lithuania,391,269,6,6,122,60,56,116,0
2025-02-06,EY,Lithuania,457,317,5,4,140,64,71,135,1
2025-02-07,EY,Lithuania,479,314,7,5,165,82,76,158,2
2025-02-08,EY,Lithuania,447,322,3,3,125,61,61,122,0
2025-02-09,EY,Lithuania,485,332,5,4,153,72,76,148,1
2025-02-10,EY,Lithuania,475,324,9,7,151,68,74,142,2
2025-02-11,EY,Lithuania,370,249,7,6,121,60,54,114,1
2025-01-01,LM,Malta,324,183,2,2,141,69,70,139,0
2025-01-02,LM,Malta,383,200,0,0,183,90,93,183,0
2025-01-03,LM,Malta,382,206,0,0,176,88,88,176,0
2025-01-04,LM,Malta,434,252,0,0,182,91,91,182,0
2025-01-05,LM,Malta,394,224,0,0,170,83,87,170,0
2025-01-06,LM,Malta,439,265,1,1,174,87,86,173,0
2025-01-07,LM,Malta,374,234,1,1,140,69,70,139,0
2025-01-08,LM,Malta,328,222,2,2,106,51,53,104,0
2025-01-09,LM,Malta,345,218,2,2,127,63,62,125,0
2025-01-10,LM,Malta,355,196,2,2,159,79,78,157,0
2025-01-11,LM,Malta,388,223,2,2,165,82,81,163,0
2025-01-12,LM,Malta,363,220,2,2,143,70,71,141,0
2025-01-13,LM,Malta,390,227,1,1,163,81,81,162,0
2025-01-14,LM,Malta,292,202,0,0,90,47,43,90,0
2025-01-15,LM,Malta,339,226,2,2,113,53,58,111,0
2025-01-16,LM,Malta,356,221,4,4,135,68,63,131,0
2025-01-17,LM,Malta,383,216,1,1,167,83,83,166,0
2025-01-18,LM,Malta,411,251,2,2,160,79,79,158,0
2025-01-19,LM,Malta,399,235,5,5,164,80,79,159,0
2025-01-20,LM,Malta,405,241,4,4,164,78,82,160,0
2025-01-21,LM,Malta,330,236,3,3,94,47,44,91,0
2025-01-22,LM,Malta,340,222,2,2,118,57,59,116,0
2025-01-23,LM,Malta,353,227,1,1,126,63,62,125,0
2025-01-24,LM,Malta,380,212,2,2,168,84,82,166,0
2025-01-25,LM,Malta,391,238,0,0,153,76,77,153,0
2025-01-26,LM,Malta,383,229,3,3,154,74,77,151,0
2025-01-27,LM,Malta,395,235,1,1,160,80,79,159,0
2025-01-28,LM,Malta,318,228,3,3,90,43,44,87,0
2025-01-29,LM,Malta,338,227,1,1,111,54,56,110,0
2025-01-30,LM,Malta,333,210,1,1,123,64,58,122,0
2025-01-31,LM,Malta,345,187,3,3,158,77,78,155,0
2025-02-01,LM,Malta,384,215,0,0,169,83,86,169,0
2025-02-02,LM,Malta,365,200,0,0,165,81,84,165,0
2025-02-03,LM,Malta,412,240,1,1,172,85,86,171,0
2025-02-04,LM,Malta,331,223,2,2,108,51,55,106,0
2025-02-05,LM,Malta,330,206,3,3,124,62,59,121,0
2025-02-06,LM,Malta,379,222,3,3,157,79,75,154,0
2025-02-07,LM,Malta,391,212,3,3,179,88,88,176,0
2025-02-08,LM,Malta,403,229,0,0,174,87,87,174,0
2025-02-09,LM,Malta,381,218,2,2,163,80,81,161,0
2025-02-10,LM,Malta,409,231,1,1,178,85,92,177,0
2025-02-11,LM,Malta,351,237,0,0,114,58,56,114,0
2025-01-01,LU,Moldova,55,-1,0,0,56,29,27,56,0
2025-01-02,LU,Moldova,86,-1,0,0,87,43,44,87,0
2025-01-03,LU,Moldova,87,0,0,0,87,43,44,87,0
2025-01-04,LU,Moldova,80,0,0,0,80,42,38,80,0
2025-01-05,LU,Moldova,98,1,0,0,97,48,49,97,0
2025-01-06,LU,Moldova,89,3,0,0,86,43,43,86,0
2025-01-07,LU,Moldova,75,-3,0,0,78,38,40,78,0
2025-01-08,LU,Moldova,100,2,0,0,98,50,48,98,0
2025-01-09,LU,Moldova,90,-4,0,0,94,45,49,94,0
2025-01-10,LU,Moldova,94,3,0,0,91,47,44,91,0
2025-01-11,LU,Moldova,76,2,0,0,74,37,37,74,0
2025-01-12,LU,Moldova,102,-2,0,0,104,51,53,104,0
2025-01-13,LU,Moldova,87,5,0,0,82,42,40,82,0
2025-01-14,LU,Moldova,79,-4,0,0,83,41,42,83,0
2025-01-15,LU,Moldova,87,2,0,0,85,42,43,85,0
2025-01-16,LU,Moldova,87,-1,0,0,88,43,45,88,0
2025-01-17,LU,Moldova,84,0,0,0,84,42,42,84,0
2025-01-18,LU,Moldova,76,-1,1,1,77,37,39,76,0
2025-01-19,LU,Moldova,95,-2,0,0,97,49,48,97,0
2025-01-20,LU,Moldova,89,6,0,0,83,43,40,83,0
2025-01-21,LU,Moldova,74,-3,0,0,77,37,40,77,0
2025-01-22,LU,Moldova,87,2,0,0,85,44,41,85,0
2025-01-23,LU,Moldova,73,0,0,0,73,35,38,73,0
2025-01-24,LU,Moldova,85,0,0,0,85,44,41,85,0
2025-01-25,LU,Moldova,64,-1,0,0,65,33,32,65,0
2025-01-26,LU,Moldova,92,-2,0,0,94,47,47,94,0
2025-01-27,LU,Moldova,86,5,0,0,81,39,42,81,0
2025-01-28,LU,Moldova,77,-2,0,0,79,38,41,79,0
2025-01-29,LU,Moldova,83,2,0,0,81,43,38,81,0
2025-01-30,LU,Moldova,77,0,0,0,77,37,40,77,0
2025-01-31,LU,Moldova,88,-2,0,0,90,46,44,90,0
2025-02-01,LU,Moldova,70,0,0,0,70,36,34,70,0
2025-02-02,LU,Moldova,87,-2,0,0,89,44,45,89,0
2025-02-03,LU,Moldova,83,5,0,0,78,38,40,78,0
2025-02-04,LU,Moldova,73,-2,0,0,75,36,39,75,0
2025-02-05,LU,Moldova,87,0,0,0,87,45,42,87,0
2025-02-06,LU,Moldova,80,0,0,0,80,38,42,80,0
2025-02-07,LU,Moldova,85,0,0,0,85,43,42,85,0
2025-02-08,LU,Moldova,67,-2,0,0,69,35,34,69,0
2025-02-09,LU,Moldova,90,-1,0,0,91,46,45,91,0
2025-02-10,LU,Moldova,80,5,0,0,75,36,39,75,0
2025-02-11,LU,Moldova,68,-2,0,0,70,35,35,70,0
2025-01-01,GM,Morocco,1566,877,71,1,689,311,307,618,70
2025-01-02,GM,Morocco,1760,1013,77,3,747,343,327,670,74
2025-01-03,GM,Morocco,1781,994,103,2,787,347,337,684,101
2025-01-04,GM,Morocco,2068,1266,64,0,802,370,368,738,64
2025-01-05,GM,Morocco,1852,1091,76,1,761,345,340,685,75
2025-01-06,GM,Morocco,1641,920,77,0,721,320,324,644,77
2025-01-07,GM,Morocco,1618,931,87,4,687,301,299,600,83
2025-01-08,GM,Morocco,1408,830,68,0,578,256,254,510,68
2025-01-09,GM,Morocco,1424,863,67,2,561,244,250,494,65
2025-01-10,GM,Morocco,1602,874,105,2,728,318,305,623,103
2025-01-11,GM,Morocco,1855,1154,54,0,701,322,325,647,54
2025-01-12,GM,Morocco,1670,977,79,0,693,312,302,614,79
2025-01-13,GM,Morocco,1394,750,85,0,644,279,280,559,85
2025-01-14,GM,Morocco,1269,774,57,2,495,220,218,438,55
2025-01-15,GM,Morocco,1262,731,74,4,531,230,227,457,70
2025-01-16,GM,Morocco,1334,792,70,5,542,237,235,472,65
2025-01-17,GM,Morocco,1563,852,105,0,711,305,301,606,105
2025-01-18,GM,Morocco,1868,1175,67,0,693,312,314,626,67
2025-01-19,GM,Morocco,1662,992,69,0,670,302,299,601,69
2025-01-20,GM,Morocco,1428,770,94,5,658,277,287,564,89
2025-01-21,GM,Morocco,1281,760,73,8,521,224,224,448,65
2025-01-22,GM,Morocco,1230,700,78,1,530,226,226,452,77
2025-01-23,GM,Morocco,1325,784,61,2,541,238,242,480,59
2025-01-24,GM,Morocco,1510,830,92,1,680,299,289,588,91
2025-01-25,GM,Morocco,1856,1154,59,0,702,322,321,643,59
2025-01-26,GM,Morocco,1611,945,77,0,666,297,292,589,77
2025-01-27,GM,Morocco,1416,766,88,3,650,279,283,562,85
2025-01-28,GM,Morocco,1262,757,62,3,505,221,222,443,59
2025-01-29,GM,Morocco,1281,749,68,6,532,237,227,464,62
2025-01-30,GM,Morocco,1358,809,64,1,549,242,243,485,63
2025-01-31,GM,Morocco,1565,852,108,5,713,302,303,605,103
2025-02-01,GM,Morocco,1879,1153,63,1,726,330,333,663,62
2025-02-02,GM,Morocco,1679,1001,75,2,678,305,298,603,73
2025-02-03,GM,Morocco,1460,783,89,1,677,292,296,588,88
2025-02-04,GM,Morocco,1372,816,78,1,556,238,240,478,77
2025-02-05,GM,Morocco,1357,772,78,2,585,257,250,507,76
2025-02-06,GM,Morocco,1460,877,66,2,583,259,258,517,64
2025-02-07,GM,Morocco,1593,852,106,2,741,321,314,635,104
2025-02-08,GM,Morocco,1922,1201,52,1,721,333,336,669,51
2025-02-09,GM,Morocco,1705,1030,74,0,675,300,301,601,74
2025-02-10,GM,Morocco,1466,794,84,1,672,291,297,588,83
2025-02-11,GM,Morocco,1421,811,74,2,610,269,267,536,72
2025-01-01,EH,Netherlands,2697,1376,2,2,1321,659,660,1319,0
2025-01-02,EH,Netherlands,3091,1622,33,7,1469,718,718,1436,26
2025-01-03,EH,Netherlands,3254,1728,42,9,1526,740,744,1484,33
2025-01-04,EH,Netherlands,3043,1635,16,2,1408,697,695,1392,14
2025-01-05,EH,Netherlands,2954,1627,2,1,1327,662,663,1325,1
2025-01-06,EH,Netherlands,3121,1668,34,10,1453,713,706,1419,24
2025-01-07,EH,Netherlands,2745,1396,59,19,1349,643,647,1290,40
2025-01-08,EH,Netherlands,2687,1285,66,18,1402,669,667,1336,48
2025-01-09,EH,Netherlands,2759,1355,36,8,1404,687,681,1368,28
2025-01-10,EH,Netherlands,3031,1602,35,6,1429,693,701,1394,29
2025-01-11,EH,Netherlands,2808,1565,19,3,1243,610,614,1224,16
2025-01-12,EH,Netherlands,2947,1558,8,4,1389,690,691,1381,4
2025-01-13,EH,Netherlands,2983,1513,45,12,1470,714,711,1425,33
2025-01-14,EH,Netherlands,2523,1185,48,11,1338,643,647,1290,37
2025-01-15,EH,Netherlands,2369,1273,5,1,1096,550,541,1091,4
2025-01-16,EH,Netherlands,2716,1371,42,5,1345,650,653,1303,37
2025-01-17,EH,Netherlands,2895,1596,12,1,1299,645,642,1287,11
2025-01-18,EH,Netherlands,2717,1516,6,0,1201,593,602,1195,6
2025-01-19,EH,Netherlands,2936,1571,7,5,1365,684,674,1358,2
2025-01-20,EH,Netherlands,2949,1511,33,7,1438,705,700,1405,26
2025-01-21,EH,Netherlands,2459,1220,12,3,1239,610,617,1227,9
2025-01-22,EH,Netherlands,2719,1310,66,8,1409,675,668,1343,58
2025-01-23,EH,Netherlands,2861,1385,68,13,1476,705,703,1408,55
2025-01-24,EH,Netherlands,2932,1502,41,13,1430,693,696,1389,28
2025-01-25,EH,Netherlands,2756,1480,18,2,1276,625,633,1258,16
2025-01-26,EH,Netherlands,2992,1562,29,7,1430,698,703,1401,22
2025-01-27,EH,Netherlands,2957,1489,44,7,1468,717,707,1424,37
2025-01-28,EH,Netherlands,2552,1186,67,12,1366,646,653,1299,55
2025-01-29,EH,Netherlands,2686,1269,44,10,1417,682,691,1373,34
2025-01-30,EH,Netherlands,2848,1371,66,18,1477,709,702,1411,48
2025-01-31,EH,Netherlands,3146,1602,51,13,1544,746,747,1493,38
2025-02-01,EH,Netherlands,2827,1591,14,7,1236,610,612,1222,7
2025-02-02,EH,Netherlands,3043,1618,20,2,1425,700,705,1405,18
2025-02-03,EH,Netherlands,3129,1619,51,18,1510,734,725,1459,33
2025-02-04,EH,Netherlands,2684,1250,65,22,1434,675,694,1369,43
2025-02-05,EH,Netherlands,2780,1339,59,19,1441,699,683,1382,40
2025-02-06,EH,Netherlands,2945,1448,58,10,1497,720,719,1439,48
2025-02-07,EH,Netherlands,3239,1680,60,17,1559,755,744,1499,43
2025-02-08,EH,Netherlands,2945,1621,28,8,1324,642,654,1296,20
2025-02-09,EH,Netherlands,3118,1688,16,4,1430,714,700,1414,12
2025-02-10,EH,Netherlands,3098,1586,38,4,1512,737,737,1474,34
2025-02-11,EH,Netherlands,2643,1289,10,4,1354,668,676,1344,6
2025-01-01,LW,North Macedonia,548,489,1,0,59,29,29,58,1
2025-01-02,LW,North Macedonia,622,570,0,0,52,28,24,52,0
2025-01-03,LW,North Macedonia,557,485,0,0,72,35,37,72,0
2025-01-04,LW,North Macedonia,535,472,0,0,63,33,30,63,0
2025-01-05,LW,North Macedonia,565,493,0,0,72,36,36,72,0
2025-01-06,LW,North Macedonia,526,456,0,0,70,35,35,70,0
2025-01-07,LW,North Macedonia,421,378,0,0,43,23,20,43,0
2025-01-08,LW,North Macedonia,459,396,0,0,63,30,33,63,0
2025-01-09,LW,North Macedonia,470,412,0,0,58,29,29,58,0
2025-01-10,LW,North Macedonia,483,410,0,0,73,35,38,73,0
2025-01-11,LW,North Macedonia,489,430,0,0,59,31,28,59,0
2025-01-12,LW,North Macedonia,491,432,0,0,59,29,30,59,0
2025-01-13,LW,North Macedonia,458,388,0,0,70,37,33,70,0
2025-01-14,LW,North Macedonia,367,319,0,0,48,24,24,48,0
2025-01-15,LW,North Macedonia,396,347,0,0,49,25,24,49,0
2025-01-16,LW,North Macedonia,432,380,0,0,52,25,27,52,0
2025-01-17,LW,North Macedonia,436,372,0,0,64,31,33,64,0
2025-01-18,LW,North Macedonia,448,386,0,0,62,32,30,62,0
2025-01-19,LW,North Macedonia,469,410,0,0,59,29,30,59,0
2025-01-20,LW,North Macedonia,437,378,0,0,59,30,29,59,0
2025-01-21,LW,North Macedonia,340,292,0,0,48,24,24,48,0
2025-01-22,LW,North Macedonia,434,385,0,0,49,24,25,49,0
2025-01-23,LW,North Macedonia,513,460,0,0,53,26,27,53,0
2025-01-24,LW,North Macedonia,515,452,0,0,63,32,31,63,0
2025-01-25,LW,North Macedonia,445,407,0,0,38,23,15,38,0
2025-01-26,LW,North Macedonia,510,442,0,0,68,30,38,68,0
2025-01-27,LW,North Macedonia,514,447,0,0,67,34,33,67,0
2025-01-28,LW,North Macedonia,387,332,0,0,55,28,27,55,0
2025-01-29,LW,North Macedonia,399,344,0,0,55,26,29,55,0
2025-01-30,LW,North Macedonia,449,394,0,0,55,28,27,55,0
2025-01-31,LW,North Macedonia,518,456,0,0,62,31,31,62,0
2025-02-01,LW,North Macedonia,499,448,0,0,51,25,26,51,0
2025-02-02,LW,North Macedonia,501,442,0,0,59,29,30,59,0
2025-02-03,LW,North Macedonia,499,440,0,0,59,31,28,59,0
2025-02-04,LW,North Macedonia,404,360,0,0,44,22,22,44,0
2025-02-05,LW,North Macedonia,465,415,0,0,50,25,25,50,0
2025-02-06,LW,North Macedonia,451,409,0,0,42,21,21,42,0
2025-02-07,LW,North Macedonia,534,474,0,0,60,29,31,60,0
2025-02-08,LW,North Macedonia,516,466,0,0,50,26,24,50,0
2025-02-09,LW,North Macedonia,542,486,0,0,56,27,29,56,0
2025-02-10,LW,North Macedonia,547,492,0,0,55,29,26,55,0
2025-02-11,LW,North Macedonia,402,357,0,0,45,22,23,45,0
2025-01-01,EN,Norway,1041,173,519,3,868,175,174,349,516
2025-01-02,EN,Norway,1336,220,625,8,1116,245,246,491,617
2025-01-03,EN,Norway,1336,236,610,12,1100,243,247,490,598
2025-01-04,EN,Norway,1000,250,281,7,750,238,231,469,274
2025-01-05,EN,Norway,1382,242,580,4,1140,275,285,560,576
2025-01-06,EN,Norway,1411,215,756,5,1196,222,218,440,751
2025-01-07,EN,Norway,1365,217,757,3,1148,198,193,391,754
2025-01-08,EN,Norway,1433,213,800,7,1220,211,209,420,793
2025-01-09,EN,Norway,1500,213,822,9,1287,231,234,465,813
2025-01-10,EN,Norway,1479,210,772,6,1269,249,248,497,766
2025-01-11,EN,Norway,866,210,261,4,656,201,194,395,257
2025-01-12,EN,Norway,1250,254,521,4,996,230,245,475,517
2025-01-13,EN,Norway,1329,190,706,8,1139,219,214,433,698
2025-01-14,EN,Norway,1428,180,844,5,1248,203,201,404,839
2025-01-15,EN,Norway,1288,178,750,10,1110,176,184,360,740
2025-01-16,EN,Norway,1480,192,815,14,1288,237,236,473,801
2025-01-17,EN,Norway,1408,191,708,11,1217,256,253,509,697
2025-01-18,EN,Norway,841,201,256,1,640,194,190,384,255
2025-01-19,EN,Norway,1221,213,551,1,1008,226,231,457,550
2025-01-20,EN,Norway,1426,168,806,7,1258,228,224,452,799
2025-01-21,EN,Norway,1409,182,838,3,1227,192,197,389,835
2025-01-22,EN,Norway,1469,217,824,7,1252,212,216,428,817
2025-01-23,EN,Norway,1515,229,814,5,1286,235,237,472,809
2025-01-24,EN,Norway,1457,233,732,5,1224,249,243,492,727
2025-01-25,EN,Norway,864,250,238,4,614,190,186,376,234
2025-01-26,EN,Norway,1305,238,604,8,1067,227,236,463,596
2025-01-27,EN,Norway,1491,203,819,1,1288,237,232,469,818
2025-01-28,EN,Norway,1459,196,851,4,1263,210,202,412,847
2025-01-29,EN,Norway,1447,212,825,2,1235,204,206,410,823
2025-01-30,EN,Norway,1540,206,839,10,1334,246,249,495,829
2025-01-31,EN,Norway,1497,183,791,8,1314,261,262,523,783
2025-02-01,EN,Norway,834,208,249,6,626,192,185,377,243
2025-02-02,EN,Norway,1298,235,566,3,1063,243,254,497,563
2025-02-03,EN,Norway,1506,198,812,1,1308,250,246,496,811
2025-02-04,EN,Norway,1331,199,721,5,1132,207,204,411,716
2025-02-05,EN,Norway,1419,168,808,13,1251,220,223,443,795
2025-02-06,EN,Norway,1456,178,785,18,1278,244,249,493,767
2025-02-07,EN,Norway,1471,208,746,11,1263,256,261,517,735
2025-02-08,EN,Norway,912,231,279,0,681,205,197,402,279
2025-02-09,EN,Norway,1311,211,586,5,1100,251,263,514,581
2025-02-10,EN,Norway,1456,159,832,14,1297,236,229,465,818
2025-02-11,EN,Norway,1467,204,822,11,1263,217,224,441,811
2025-01-01,EP,Poland,1465,576,76,7,889,404,409,813,69
2025-01-02,EP,Poland,1822,719,88,6,1103,514,501,1015,82
2025-01-03,EP,Poland,1888,710,90,8,1178,536,552,1088,82
2025-01-04,EP,Poland,1795,730,70,8,1065,496,499,995,62
2025-01-05,EP,Poland,1757,710,81,13,1047,487,479,966,68
2025-01-06,EP,Poland,1853,710,94,7,1143,516,533,1049,87
2025-01-07,EP,Poland,1668,628,105,10,1040,462,473,935,95
2025-01-08,EP,Poland,1513,611,113,18,902,396,393,789,95
2025-01-09,EP,Poland,1584,620,121,29,964,431,412,843,92
2025-01-10,EP,Poland,1836,687,103,7,1149,518,528,1046,96
2025-01-11,EP,Poland,1664,701,55,2,963,455,453,908,53
2025-01-12,EP,Poland,1694,688,80,6,1006,462,464,926,74
2025-01-13,EP,Poland,1765,621,115,14,1144,506,523,1029,101
2025-01-14,EP,Poland,1419,555,104,14,864,384,376,760,90
2025-01-15,EP,Poland,1425,563,89,7,862,386,387,773,82
2025-01-16,EP,Poland,1588,613,94,9,975,441,440,881,85
2025-01-17,EP,Poland,1802,625,121,14,1177,524,532,1056,107
2025-01-18,EP,Poland,1631,673,72,16,958,449,437,886,56
2025-01-19,EP,Poland,1650,651,77,2,999,463,459,922,75
2025-01-20,EP,Poland,1692,588,115,12,1104,485,504,989,103
2025-01-21,EP,Poland,1436,496,128,16,940,403,409,812,112
2025-01-22,EP,Poland,1442,566,102,25,876,394,380,774,77
2025-01-23,EP,Poland,1621,636,124,12,985,432,429,861,112
2025-01-24,EP,Poland,1894,696,124,21,1198,529,545,1074,103
2025-01-25,EP,Poland,1706,692,88,14,1014,469,457,926,74
2025-01-26,EP,Poland,1713,650,94,10,1063,481,488,969,84
2025-01-27,EP,Poland,1894,625,144,21,1269,559,566,1125,123
2025-01-28,EP,Poland,1404,503,108,14,901,398,395,793,94
2025-01-29,EP,Poland,1475,561,111,24,914,400,403,803,87
2025-01-30,EP,Poland,1596,604,125,19,992,438,429,867,106
2025-01-31,EP,Poland,1834,659,117,13,1175,528,530,1058,104
2025-02-01,EP,Poland,1684,685,65,11,999,470,464,934,54
2025-02-02,EP,Poland,1712,655,79,2,1057,492,486,978,77
2025-02-03,EP,Poland,1791,614,121,22,1177,517,539,1056,99
2025-02-04,EP,Poland,1473,522,126,26,951,410,415,825,100
2025-02-05,EP,Poland,1500,536,123,21,964,423,418,841,102
2025-02-06,EP,Poland,1631,592,101,11,1039,478,460,938,90
2025-02-07,EP,Poland,1897,652,138,28,1245,548,559,1107,110
2025-02-08,EP,Poland,1678,656,82,20,1022,473,467,940,62
2025-02-09,EP,Poland,1715,663,95,15,1052,485,472,957,80
2025-02-10,EP,Poland,1762,594,122,26,1168,518,528,1046,96
2025-02-11,EP,Poland,1452,518,117,23,934,407,410,817,94
2025-01-01,LP,Portugal,2004,1055,146,0,949,414,389,803,146
2025-01-02,LP,Portugal,2328,1183,169,0,1145,488,488,976,169
2025-01-03,LP,Portugal,2407,1234,174,1,1173,505,494,999,173
2025-01-04,LP,Portugal,2564,1421,143,0,1143,503,497,1000,143
2025-01-05,LP,Portugal,2419,1251,181,3,1168,491,496,987,178
2025-01-06,LP,Portugal,2300,1200,132,1,1100,479,489,968,131
2025-01-07,LP,Portugal,1963,1054,140,1,909,384,385,769,139
2025-01-08,LP,Portugal,1836,1010,126,2,826,359,341,700,124
2025-01-09,LP,Portugal,1929,1065,132,0,864,362,370,732,132
2025-01-10,LP,Portugal,2022,1027,138,0,995,429,428,857,138
2025-01-11,LP,Portugal,2304,1366,118,4,938,409,411,820,114
2025-01-12,LP,Portugal,2191,1181,139,0,1010,439,432,871,139
2025-01-13,LP,Portugal,1864,917,145,3,947,395,407,802,142
2025-01-14,LP,Portugal,1730,958,135,2,772,322,315,637,133
2025-01-15,LP,Portugal,1699,931,123,0,768,325,320,645,123
2025-01-16,LP,Portugal,1886,1035,142,0,851,345,364,709,142
2025-01-17,LP,Portugal,2095,1106,140,3,989,425,424,849,137
2025-01-18,LP,Portugal,2323,1372,127,0,951,418,406,824,127
2025-01-19,LP,Portugal,2195,1222,125,1,973,420,428,848,124
2025-01-20,LP,Portugal,1916,969,130,3,947,408,409,817,127
2025-01-21,LP,Portugal,1742,975,139,2,767,314,314,628,137
2025-01-22,LP,Portugal,1733,939,128,1,794,338,328,666,127
2025-01-23,LP,Portugal,1842,1006,140,4,836,341,355,696,136
2025-01-24,LP,Portugal,1942,974,143,0,968,414,411,825,143
2025-01-25,LP,Portugal,2245,1326,115,1,919,403,401,804,114
2025-01-26,LP,Portugal,2109,1112,134,2,997,433,430,863,132
2025-01-27,LP,Portugal,1945,996,154,5,949,392,403,795,149
2025-01-28,LP,Portugal,1777,1023,131,1,754,310,313,623,130
2025-01-29,LP,Portugal,1708,939,128,3,769,327,314,641,125
2025-01-30,LP,Portugal,1871,1015,150,3,856,351,355,706,147
2025-01-31,LP,Portugal,2088,1092,143,2,996,431,422,853,141
2025-02-01,LP,Portugal,2286,1322,126,0,964,423,415,838,126
2025-02-02,LP,Portugal,2219,1175,140,0,1044,448,456,904,140
2025-02-03,LP,Portugal,2012,1008,142,1,1004,421,441,862,141
2025-02-04,LP,Portugal,1813,980,135,0,833,351,347,698,135
2025-02-05,LP,Portugal,1766,962,122,1,804,345,337,682,121
2025-02-06,LP,Portugal,2003,1078,143,0,925,392,390,782,143
2025-02-07,LP,Portugal,2179,1125,147,3,1054,457,450,907,144
2025-02-08,LP,Portugal,2367,1321,124,1,1046,462,460,922,123
2025-02-09,LP,Portugal,2265,1187,150,0,1078,463,465,928,150
2025-02-10,LP,Portugal,2099,1043,152,1,1056,447,457,904,151
2025-02-11,LP,Portugal,2047,1144,141,0,903,380,382,762,141
2025-01-01,LR,Romania,1639,1293,10,2,346,165,171,336,8
2025-01-02,LR,Romania,1954,1460,35,5,494,228,231,459,30
2025-01-03,LR,Romania,2097,1564,35,2,533,248,250,498,33
2025-01-04,LR,Romania,2086,1603,23,5,483,232,228,460,18
2025-01-05,LR,Romania,1985,1495,24,3,490,231,235,466,21
2025-01-06,LR,Romania,2031,1508,46,8,523,236,241,477,38
2025-01-07,LR,Romania,1932,1454,40,3,478,219,219,438,37
2025-01-08,LR,Romania,1997,1500,54,8,497,218,225,443,46
2025-01-09,LR,Romania,1971,1508,55,7,463,208,200,408,48
2025-01-10,LR,Romania,2046,1527,52,5,519,231,236,467,47
2025-01-11,LR,Romania,2030,1588,30,5,442,208,204,412,25
2025-01-12,LR,Romania,2033,1559,38,6,474,209,227,436,32
2025-01-13,LR,Romania,1914,1404,56,9,510,226,228,454,47
2025-01-14,LR,Romania,1901,1445,64,8,456,199,193,392,56
2025-01-15,LR,Romania,1902,1472,72,5,430,179,179,358,67
2025-01-16,LR,Romania,1948,1496,70,4,452,194,188,382,66
2025-01-17,LR,Romania,2087,1580,67,5,507,219,221,440,62
2025-01-18,LR,Romania,1969,1537,49,12,432,194,189,383,37
2025-01-19,LR,Romania,2005,1558,38,4,447,201,208,409,34
2025-01-20,LR,Romania,1989,1491,63,3,498,219,216,435,60
2025-01-21,LR,Romania,1877,1437,62,5,440,192,186,378,57
2025-01-22,LR,Romania,2001,1572,73,4,429,176,180,356,69
2025-01-23,LR,Romania,1973,1508,78,8,465,195,192,387,70
2025-01-24,LR,Romania,1975,1481,55,4,494,221,218,439,51
2025-01-25,LR,Romania,1914,1517,25,5,397,189,183,372,20
2025-01-26,LR,Romania,1910,1454,33,1,456,203,220,423,32
2025-01-27,LR,Romania,1870,1380,58,5,490,219,213,432,53
2025-01-28,LR,Romania,1830,1401,59,8,429,185,185,370,51
2025-01-29,LR,Romania,1841,1415,64,5,426,175,187,362,59
2025-01-30,LR,Romania,1892,1436,74,11,456,195,187,382,63
2025-01-31,LR,Romania,2000,1491,74,5,509,220,215,435,69
2025-02-01,LR,Romania,1912,1485,36,7,427,199,192,391,29
2025-02-02,LR,Romania,1943,1491,40,2,452,201,211,412,38
2025-02-03,LR,Romania,1880,1377,66,6,503,216,221,437,60
2025-02-04,LR,Romania,1865,1414,67,9,451,191,193,384,58
2025-02-05,LR,Romania,1839,1384,72,3,455,192,191,383,69
2025-02-06,LR,Romania,1866,1391,80,11,475,199,196,395,69
2025-02-07,LR,Romania,1977,1462,59,6,515,228,228,456,53
2025-02-08,LR,Romania,1931,1519,33,6,412,191,188,379,27
2025-02-09,LR,Romania,1947,1500,47,8,447,198,202,400,39
2025-02-10,LR,Romania,1837,1343,62,5,494,215,217,432,57
2025-02-11,LR,Romania,1853,1397,63,6,456,193,200,393,57
2025-01-01,LY,Serbia & Montenegro,1893,1714,13,1,179,83,83,166,12
2025-01-02,LY,Serbia & Montenegro,2240,1962,27,0,278,127,124,251,27
2025-01-03,LY,Serbia & Montenegro,2231,1957,18,0,274,124,132,256,18
2025-01-04,LY,Serbia & Montenegro,2241,2025,20,0,216,99,97,196,20
2025-01-05,LY,Serbia & Montenegro,2406,2146,18,1,260,124,118,242,17
2025-01-06,LY,Serbia & Montenegro,2117,1850,17,0,267,125,125,250,17
2025-01-07,LY,Serbia & Montenegro,1818,1620,21,0,198,85,92,177,21
2025-01-08,LY,Serbia & Montenegro,1823,1603,23,1,220,100,97,197,22
2025-01-09,LY,Serbia & Montenegro,1811,1563,19,2,248,114,115,229,17
2025-01-10,LY,Serbia & Montenegro,2034,1753,17,0,281,134,130,264,17
2025-01-11,LY,Serbia & Montenegro,1995,1775,21,2,220,101,98,199,19
2025-01-12,LY,Serbia & Montenegro,2134,1890,18,0,244,113,113,226,18
2025-01-13,LY,Serbia & Montenegro,1873,1603,15,0,270,126,129,255,15
2025-01-14,LY,Serbia & Montenegro,1570,1368,18,0,202,91,93,184,18
2025-01-15,LY,Serbia & Montenegro,1653,1457,19,0,196,91,86,177,19
2025-01-16,LY,Serbia & Montenegro,1801,1562,19,3,239,111,109,220,16
2025-01-17,LY,Serbia & Montenegro,1904,1620,17,0,284,135,132,267,17
2025-01-18,LY,Serbia & Montenegro,1904,1696,19,0,208,92,97,189,19
2025-01-19,LY,Serbia & Montenegro,1991,1753,18,0,238,112,108,220,18
2025-01-20,LY,Serbia & Montenegro,1762,1495,19,0,267,122,126,248,19
2025-01-21,LY,Serbia & Montenegro,1508,1316,17,0,192,84,91,175,17
2025-01-22,LY,Serbia & Montenegro,1567,1346,20,0,221,102,99,201,20
2025-01-23,LY,Serbia & Montenegro,1743,1505,22,5,238,108,108,216,17
2025-01-24,LY,Serbia & Montenegro,1900,1651,14,0,249,119,116,235,14
2025-01-25,LY,Serbia & Montenegro,1875,1666,20,0,209,93,96,189,20
2025-01-26,LY,Serbia & Montenegro,2099,1862,18,1,237,111,108,219,17
2025-01-27,LY,Serbia & Montenegro,1843,1566,25,4,277,125,127,252,21
2025-01-28,LY,Serbia & Montenegro,1503,1304,23,4,199,86,90,176,19
2025-01-29,LY,Serbia & Montenegro,1683,1468,31,7,215,94,90,184,24
2025-01-30,LY,Serbia & Montenegro,1773,1530,22,4,243,108,113,221,18
2025-01-31,LY,Serbia & Montenegro,1995,1699,24,6,296,137,135,272,18
2025-02-01,LY,Serbia & Montenegro,1932,1722,19,0,210,95,96,191,19
2025-02-02,LY,Serbia & Montenegro,2093,1853,20,0,240,111,109,220,20
2025-02-03,LY,Serbia & Montenegro,1835,1570,22,5,265,122,121,243,17
2025-02-04,LY,Serbia & Montenegro,1572,1370,23,6,202,86,93,179,17
2025-02-05,LY,Serbia & Montenegro,1735,1533,27,6,202,91,84,175,21
2025-02-06,LY,Serbia & Montenegro,1748,1526,23,6,222,97,102,199,17
2025-02-07,LY,Serbia & Montenegro,1957,1689,18,0,268,128,122,250,18
2025-02-08,LY,Serbia & Montenegro,1959,1757,21,2,202,87,94,181,19
2025-02-09,LY,Serbia & Montenegro,2071,1834,20,0,237,111,106,217,20
2025-02-10,LY,Serbia & Montenegro,1884,1619,24,7,265,116,125,241,17
2025-02-11,LY,Serbia & Montenegro,1601,1415,23,4,186,79,84,163,19
2025-01-01,LZ,Slovakia,1073,1039,0,0,34,17,17,34,0
2025-01-02,LZ,Slovakia,1268,1201,5,0,67,31,31,62,5
2025-01-03,LZ,Slovakia,1306,1238,5,1,68,32,31,63,4
2025-01-04,LZ,Slovakia,1259,1208,4,0,51,24,23,47,4
2025-01-05,LZ,Slovakia,1273,1228,0,0,45,21,24,45,0
2025-01-06,LZ,Slovakia,1228,1168,2,0,60,28,30,58,2
2025-01-07,LZ,Slovakia,1138,1084,0,0,54,27,27,54,0
2025-01-08,LZ,Slovakia,1155,1112,1,0,43,21,21,42,1
2025-01-09,LZ,Slovakia,1169,1108,4,0,61,28,29,57,4
2025-01-10,LZ,Slovakia,1290,1228,2,0,62,31,29,60,2
2025-01-11,LZ,Slovakia,1241,1207,3,1,34,17,14,31,2
2025-01-12,LZ,Slovakia,1254,1201,4,0,53,25,24,49,4
2025-01-13,LZ,Slovakia,1126,1069,4,2,57,27,26,53,2
2025-01-14,LZ,Slovakia,1076,1019,9,2,57,25,23,48,7
2025-01-15,LZ,Slovakia,1078,1025,2,0,53,23,28,51,2
2025-01-16,LZ,Slovakia,1221,1157,7,1,64,30,27,57,6
2025-01-17,LZ,Slovakia,1194,1136,3,1,58,24,31,55,2
2025-01-18,LZ,Slovakia,1168,1134,1,0,34,16,17,33,1
2025-01-19,LZ,Slovakia,1252,1200,3,0,52,26,23,49,3
2025-01-20,LZ,Slovakia,1072,1001,1,1,71,35,35,70,0
2025-01-21,LZ,Slovakia,1019,975,1,0,44,24,19,43,1
2025-01-22,LZ,Slovakia,1113,1065,0,0,48,25,23,48,0
2025-01-23,LZ,Slovakia,1103,1044,2,0,59,27,30,57,2
2025-01-24,LZ,Slovakia,1177,1112,5,3,65,31,29,60,2
2025-01-25,LZ,Slovakia,1176,1135,1,1,41,20,20,40,0
2025-01-26,LZ,Slovakia,1126,1070,5,1,56,24,27,51,4
2025-01-27,LZ,Slovakia,1101,1021,5,2,80,36,39,75,3
2025-01-28,LZ,Slovakia,997,945,6,2,52,24,22,46,4
2025-01-29,LZ,Slovakia,1027,952,11,4,75,33,31,64,7
2025-01-30,LZ,Slovakia,1151,1067,11,3,84,33,40,73,8
2025-01-31,LZ,Slovakia,1157,1077,9,0,80,37,34,71,9
2025-02-01,LZ,Slovakia,1134,1091,7,1,43,19,17,36,6
2025-02-02,LZ,Slovakia,1182,1125,0,0,57,29,28,57,0
2025-02-03,LZ,Slovakia,1083,1004,4,1,79,35,40,75,3
2025-02-04,LZ,Slovakia,1074,1013,7,2,61,28,26,54,5
2025-02-05,LZ,Slovakia,1026,970,10,4,56,23,23,46,6
2025-02-06,LZ,Slovakia,1072,1004,7,1,68,30,31,61,6
2025-02-07,LZ,Slovakia,1168,1100,6,1,68,32,30,62,5
2025-02-08,LZ,Slovakia,1142,1098,2,1,44,23,19,42,1
2025-02-09,LZ,Slovakia,1132,1074,6,1,58,24,28,52,5
2025-02-10,LZ,Slovakia,1044,958,11,1,86,38,37,75,10
2025-02-11,LZ,Slovakia,985,920,12,5,65,27,26,53,7
2025-01-01,LJ,Slovenia,1011,986,0,0,25,11,14,25,0
2025-01-02,LJ,Slovenia,1178,1138,0,0,40,19,21,40,0
2025-01-03,LJ,Slovenia,1240,1185,1,1,55,28,26,54,0
2025-01-04,LJ,Slovenia,1181,1133,4,3,48,20,24,44,1
2025-01-05,LJ,Slovenia,1309,1271,0,0,38,18,20,38,0
2025-01-06,LJ,Slovenia,1173,1121,0,0,52,26,26,52,0
2025-01-07,LJ,Slovenia,1024,985,1,1,39,19,19,38,0
2025-01-08,LJ,Slovenia,933,879,2,0,54,24,28,52,2
2025-01-09,LJ,Slovenia,1016,972,1,0,44,22,21,43,1
2025-01-10,LJ,Slovenia,1120,1064,0,0,56,28,28,56,0
2025-01-11,LJ,Slovenia,1027,992,0,0,35,19,16,35,0
2025-01-12,LJ,Slovenia,1191,1143,1,1,48,22,25,47,0
2025-01-13,LJ,Slovenia,970,925,0,0,45,25,20,45,0
2025-01-14,LJ,Slovenia,767,716,2,0,51,24,25,49,2
2025-01-15,LJ,Slovenia,790,735,7,6,55,22,26,48,1
2025-01-16,LJ,Slovenia,900,847,0,0,53,26,27,53,0
2025-01-17,LJ,Slovenia,1010,951,1,1,59,30,28,58,0
2025-01-18,LJ,Slovenia,975,934,4,4,41,19,18,37,0
2025-01-19,LJ,Slovenia,1006,965,3,2,41,18,20,38,1
2025-01-20,LJ,Slovenia,964,909,7,2,55,26,22,48,5
2025-01-21,LJ,Slovenia,764,718,3,1,46,22,21,43,2
2025-01-22,LJ,Slovenia,888,820,5,4,68,32,31,63,1
2025-01-23,LJ,Slovenia,993,939,1,1,54,28,25,53,0
2025-01-24,LJ,Slovenia,1105,1041,3,3,64,29,32,61,0
2025-01-25,LJ,Slovenia,987,949,1,1,38,18,19,37,0
2025-01-26,LJ,Slovenia,1093,1042,1,1,51,24,26,50,0
2025-01-27,LJ,Slovenia,998,946,1,1,52,27,24,51,0
2025-01-28,LJ,Slovenia,829,777,1,1,52,25,26,51,0
2025-01-29,LJ,Slovenia,856,792,7,4,64,28,29,57,3
2025-01-30,LJ,Slovenia,916,848,8,4,68,31,29,60,4
2025-01-31,LJ,Slovenia,1127,1056,4,1,71,35,32,67,3
2025-02-01,LJ,Slovenia,1016,990,1,1,26,12,13,25,0
2025-02-02,LJ,Slovenia,1101,1054,2,2,47,22,23,45,0
2025-02-03,LJ,Slovenia,1022,951,9,5,71,32,30,62,4
2025-02-04,LJ,Slovenia,855,787,13,1,68,27,28,55,12
2025-02-05,LJ,Slovenia,958,892,4,1,66,30,32,62,3
2025-02-06,LJ,Slovenia,979,920,4,2,59,26,29,55,2
2025-02-07,LJ,Slovenia,1137,1071,0,0,66,35,31,66,0
2025-02-08,LJ,Slovenia,1009,981,1,1,28,14,13,27,0
2025-02-09,LJ,Slovenia,1150,1104,1,1,46,20,25,45,0
2025-02-10,LJ,Slovenia,1065,1008,0,0,57,30,27,57,0
2025-02-11,LJ,Slovenia,845,802,2,2,43,21,20,41,0
2025-01-01,LE,Spain,4911,1026,937,0,3885,1479,1469,2948,937
2025-01-02,LE,Spain,5717,1095,1228,11,4622,1696,1698,3394,1217
2025-01-03,LE,Spain,5824,1121,1263,12,4703,1742,1698,3440,1251
2025-01-04,LE,Spain,5887,1224,1078,5,4663,1791,1794,3585,1073
2025-01-05,LE,Spain,5759,1180,1074,9,4579,1762,1743,3505,1065
2025-01-06,LE,Spain,5579,1211,1115,4,4368,1637,1616,3253,1111
2025-01-07,LE,Spain,4975,955,1097,24,4020,1457,1466,2923,1073
2025-01-08,LE,Spain,4214,818,1014,29,3396,1198,1184,2382,985
2025-01-09,LE,Spain,4448,876,1067,31,3572,1254,1251,2505,1036
2025-01-10,LE,Spain,5090,1016,1175,25,4074,1438,1461,2899,1150
2025-01-11,LE,Spain,4985,1026,935,9,3959,1509,1515,3024,926
2025-01-12,LE,Spain,5156,998,1124,10,4158,1531,1503,3034,1114
2025-01-13,LE,Spain,4762,916,1139,30,3846,1359,1348,2707,1109
2025-01-14,LE,Spain,3871,659,1018,46,3212,1097,1097,2194,972
2025-01-15,LE,Spain,3925,673,1080,49,3252,1081,1091,2172,1031
2025-01-16,LE,Spain,4271,768,1119,46,3503,1183,1201,2384,1073
2025-01-17,LE,Spain,5118,954,1255,29,4164,1458,1451,2909,1226
2025-01-18,LE,Spain,4926,966,1004,21,3960,1476,1480,2956,983
2025-01-19,LE,Spain,5145,971,1165,15,4174,1497,1512,3009,1150
2025-01-20,LE,Spain,4859,957,1143,22,3902,1376,1383,2759,1121
2025-01-21,LE,Spain,3921,688,1012,45,3233,1117,1104,2221,967
2025-01-22,LE,Spain,4039,727,1064,41,3312,1123,1125,2248,1023
2025-01-23,LE,Spain,4401,810,1098,32,3591,1251,1242,2493,1066
2025-01-24,LE,Spain,5022,912,1245,28,4110,1429,1436,2865,1217
2025-01-25,LE,Spain,4962,999,979,12,3963,1491,1493,2984,967
2025-01-26,LE,Spain,5132,997,1101,23,4135,1522,1512,3034,1078
2025-01-27,LE,Spain,4792,968,1090,18,3824,1370,1364,2734,1072
2025-01-28,LE,Spain,3920,714,1004,38,3206,1104,1098,2202,966
2025-01-29,LE,Spain,3942,710,1007,30,3232,1106,1119,2225,977
2025-01-30,LE,Spain,4427,773,1145,59,3654,1245,1264,2509,1086
2025-01-31,LE,Spain,5290,980,1295,35,4310,1498,1517,3015,1260
2025-02-01,LE,Spain,5274,1042,1041,11,4232,1602,1589,3191,1030
2025-02-02,LE,Spain,5420,1025,1208,25,4395,1597,1590,3187,1183
2025-02-03,LE,Spain,5153,1038,1197,31,4115,1460,1458,2918,1166
2025-02-04,LE,Spain,4389,760,1097,38,3629,1274,1258,2532,1059
2025-02-05,LE,Spain,4775,1143,1145,46,3632,1237,1250,2487,1099
2025-02-06,LE,Spain,5340,1228,1245,39,4112,1427,1440,2867,1206
2025-02-07,LE,Spain,5892,1456,1270,26,4436,1576,1590,3166,1244
2025-02-08,LE,Spain,5882,1475,1088,26,4407,1662,1657,3319,1062
2025-02-09,LE,Spain,5917,1431,1215,15,4486,1634,1637,3271,1200
2025-02-10,LE,Spain,5650,1398,1216,18,4252,1523,1513,3036,1198
2025-02-11,LE,Spain,5024,1268,1102,33,3756,1335,1319,2654,1069
2025-01-01,ES,Sweden,1156,716,69,1,440,180,191,371,68
2025-01-02,ES,Sweden,1651,962,164,3,689,262,263,525,161
2025-01-03,ES,Sweden,1644,937,181,5,707,262,264,526,176
2025-01-04,ES,Sweden,1454,921,75,2,533,231,227,458,73
2025-01-05,ES,Sweden,1554,943,120,3,611,242,249,491,117
2025-01-06,ES,Sweden,1559,919,128,4,640,259,253,512,124
2025-01-07,ES,Sweden,1484,819,186,1,665,238,241,479,185
2025-01-08,ES,Sweden,1429,812,193,8,617,210,214,424,185
2025-01-09,ES,Sweden,1486,785,231,8,701,238,232,470,223
2025-01-10,ES,Sweden,1562,857,204,11,705,250,251,501,193
2025-01-11,ES,Sweden,1290,829,58,6,461,200,203,403,52
2025-01-12,ES,Sweden,1453,827,160,6,626,231,235,466,154
2025-01-13,ES,Sweden,1555,858,200,5,697,255,242,497,195
2025-01-14,ES,Sweden,1318,712,204,6,606,193,209,402,198
2025-01-15,ES,Sweden,1334,719,203,9,615,211,201,412,194
2025-01-16,ES,Sweden,1525,811,235,15,714,242,237,479,220
2025-01-17,ES,Sweden,1615,896,208,6,719,258,253,511,202
2025-01-18,ES,Sweden,1274,829,62,3,445,194,189,383,59
2025-01-19,ES,Sweden,1510,908,145,8,602,219,238,457,137
2025-01-20,ES,Sweden,1499,802,216,12,697,242,239,481,204
2025-01-21,ES,Sweden,1318,702,215,6,616,199,202,401,209
2025-01-22,ES,Sweden,1431,779,215,3,652,213,224,437,212
2025-01-23,ES,Sweden,1554,857,234,6,697,234,229,463,228
2025-01-24,ES,Sweden,1703,936,233,11,767,268,266,534,222
2025-01-25,ES,Sweden,1314,837,57,0,477,212,208,420,57
2025-01-26,ES,Sweden,1537,903,162,5,634,235,237,472,157
2025-01-27,ES,Sweden,1603,864,240,8,739,248,251,499,232
2025-01-28,ES,Sweden,1375,705,257,7,670,208,205,413,250
2025-01-29,ES,Sweden,1494,800,263,12,694,218,213,431,251
2025-01-30,ES,Sweden,1583,831,267,11,752,245,240,485,256
2025-01-31,ES,Sweden,1687,898,236,8,789,276,277,553,228
2025-02-01,ES,Sweden,1384,844,77,2,540,238,225,463,75
2025-02-02,ES,Sweden,1600,945,160,1,655,242,253,495,159
2025-02-03,ES,Sweden,1627,858,253,8,769,257,259,516,245
2025-02-04,ES,Sweden,1437,750,240,4,687,223,224,447,236
2025-02-05,ES,Sweden,1516,774,266,7,742,234,242,476,259
2025-02-06,ES,Sweden,1578,769,287,8,809,264,258,522,279
2025-02-07,ES,Sweden,1654,846,249,8,808,276,283,559,241
2025-02-08,ES,Sweden,1414,856,84,2,558,238,236,474,82
2025-02-09,ES,Sweden,1561,880,174,4,681,251,256,507,170
2025-02-10,ES,Sweden,1568,767,268,6,801,271,262,533,262
2025-02-11,ES,Sweden,1408,701,267,5,707,218,222,440,262
2025-01-01,LS,Switzerland,2399,1405,25,0,994,489,480,969,25
2025-01-02,LS,Switzerland,2844,1573,27,2,1271,619,625,1244,25
2025-01-03,LS,Switzerland,3006,1621,52,4,1385,665,668,1333,48
2025-01-04,LS,Switzerland,3032,1654,41,2,1378,654,683,1337,39
2025-01-05,LS,Switzerland,3124,1734,35,1,1390,699,656,1355,34
2025-01-06,LS,Switzerland,2802,1552,36,1,1250,604,610,1214,35
2025-01-07,LS,Switzerland,2309,1287,37,0,1022,496,489,985,37
2025-01-08,LS,Switzerland,2209,1179,35,1,1030,497,498,995,34
2025-01-09,LS,Switzerland,2320,1234,27,2,1086,528,531,1059,25
2025-01-10,LS,Switzerland,2608,1401,44,2,1207,582,581,1163,42
2025-01-11,LS,Switzerland,2465,1306,33,3,1159,562,564,1126,30
2025-01-12,LS,Switzerland,2720,1439,35,0,1281,625,621,1246,35
2025-01-13,LS,Switzerland,2522,1348,60,2,1174,552,562,1114,58
2025-01-14,LS,Switzerland,2120,1084,69,1,1036,479,488,967,68
2025-01-15,LS,Switzerland,2182,1146,62,7,1036,491,483,974,55
2025-01-16,LS,Switzerland,2358,1201,71,5,1157,545,541,1086,66
2025-01-17,LS,Switzerland,2618,1331,58,5,1287,601,628,1229,53
2025-01-18,LS,Switzerland,2373,1219,38,1,1154,566,550,1116,37
2025-01-19,LS,Switzerland,2657,1328,38,1,1329,644,647,1291,37
2025-01-20,LS,Switzerland,2614,1318,72,3,1296,590,634,1224,69
2025-01-21,LS,Switzerland,2033,1013,38,1,1020,489,493,982,37
2025-01-22,LS,Switzerland,2283,1131,51,3,1152,556,545,1101,48
2025-01-23,LS,Switzerland,2498,1206,64,6,1292,615,613,1228,58
2025-01-24,LS,Switzerland,2779,1339,80,0,1440,701,659,1360,80
2025-01-25,LS,Switzerland,2454,1247,41,0,1207,577,589,1166,41
2025-01-26,LS,Switzerland,2702,1425,34,1,1277,637,606,1243,33
2025-01-27,LS,Switzerland,2518,1380,52,1,1138,543,543,1086,51
2025-01-28,LS,Switzerland,2063,1069,45,6,994,477,472,949,39
2025-01-29,LS,Switzerland,2270,1172,57,2,1098,510,531,1041,55
2025-01-30,LS,Switzerland,2507,1283,62,2,1224,576,586,1162,60
2025-01-31,LS,Switzerland,2800,1484,44,0,1316,633,639,1272,44
2025-02-01,LS,Switzerland,2522,1345,33,2,1177,562,582,1144,31
2025-02-02,LS,Switzerland,2861,1485,60,3,1376,676,640,1316,57
2025-02-03,LS,Switzerland,2670,1463,65,2,1207,569,573,1142,63
2025-02-04,LS,Switzerland,2393,1285,73,3,1108,516,519,1035,70
2025-02-05,LS,Switzerland,2502,1331,62,2,1171,550,559,1109,60
2025-02-06,LS,Switzerland,2759,1483,76,3,1276,600,600,1200,73
2025-02-07,LS,Switzerland,2939,1574,67,2,1365,653,645,1298,65
2025-02-08,LS,Switzerland,2724,1458,40,1,1266,613,613,1226,39
2025-02-09,LS,Switzerland,2874,1563,36,0,1311,642,633,1275,36
2025-02-10,LS,Switzerland,2700,1434,38,6,1266,619,609,1228,32
2025-02-11,LS,Switzerland,2418,1304,39,4,1114,538,537,1075,35
2025-01-01,LT,Trkiye,3879,1436,752,1,2443,850,841,1691,751
2025-01-02,LT,Trkiye,4307,1577,797,3,2730,977,956,1933,794
2025-01-03,LT,Trkiye,4379,1548,843,9,2831,997,991,1988,834
2025-01-04,LT,Trkiye,4381,1613,779,4,2768,990,999,1989,775
2025-01-05,LT,Trkiye,4456,1676,801,2,2780,997,982,1979,799
2025-01-06,LT,Trkiye,4215,1596,799,3,2619,901,919,1820,796
2025-01-07,LT,Trkiye,4024,1522,784,5,2502,859,859,1718,779
2025-01-08,LT,Trkiye,4075,1558,760,1,2517,876,881,1757,759
2025-01-09,LT,Trkiye,4157,1543,819,7,2614,907,888,1795,812
2025-01-10,LT,Trkiye,4242,1524,856,2,2718,932,930,1862,854
2025-01-11,LT,Trkiye,4190,1564,786,2,2626,911,929,1840,784
2025-01-12,LT,Trkiye,4272,1612,797,2,2660,936,927,1863,795
2025-01-13,LT,Trkiye,3983,1482,807,6,2501,835,859,1694,801
2025-01-14,LT,Trkiye,3921,1501,769,2,2420,823,828,1651,767
2025-01-15,LT,Trkiye,3956,1504,786,1,2452,843,823,1666,785
2025-01-16,LT,Trkiye,4220,1564,848,4,2656,902,906,1808,844
2025-01-17,LT,Trkiye,4228,1507,885,5,2721,936,900,1836,880
2025-01-18,LT,Trkiye,4231,1525,823,2,2706,938,945,1883,821
2025-01-19,LT,Trkiye,4397,1660,853,2,2737,944,940,1884,851
2025-01-20,LT,Trkiye,4078,1475,866,2,2603,861,876,1737,864
2025-01-21,LT,Trkiye,3914,1463,803,1,2451,820,828,1648,802
2025-01-22,LT,Trkiye,4001,1521,800,7,2480,837,843,1680,793
2025-01-23,LT,Trkiye,4130,1569,842,1,2561,859,860,1719,841
2025-01-24,LT,Trkiye,4168,1509,884,3,2659,904,871,1775,881
2025-01-25,LT,Trkiye,4162,1519,821,4,2643,899,923,1822,817
2025-01-26,LT,Trkiye,4265,1609,844,3,2656,917,895,1812,841
2025-01-27,LT,Trkiye,3928,1451,823,0,2477,810,844,1654,823
2025-01-28,LT,Trkiye,3895,1466,820,3,2429,812,797,1609,817
2025-01-29,LT,Trkiye,3941,1489,790,2,2452,836,826,1662,788
2025-01-30,LT,Trkiye,4130,1515,843,2,2615,889,883,1772,841
2025-01-31,LT,Trkiye,4237,1512,879,2,2725,930,916,1846,877
2025-02-01,LT,Trkiye,4259,1527,850,1,2732,927,955,1882,849
2025-02-02,LT,Trkiye,4405,1627,869,2,2778,967,942,1909,867
2025-02-03,LT,Trkiye,4034,1423,856,0,2611,859,896,1755,856
2025-02-04,LT,Trkiye,3920,1454,818,5,2466,820,828,1648,813
2025-02-05,LT,Trkiye,3827,1478,722,5,2349,814,813,1627,717
2025-02-06,LT,Trkiye,3772,1553,669,5,2219,773,777,1550,664
2025-02-07,LT,Trkiye,4118,1496,817,4,2622,925,880,1805,813
2025-02-08,LT,Trkiye,4194,1593,805,3,2601,886,910,1796,802
2025-02-09,LT,Trkiye,4224,1646,809,2,2578,892,877,1769,807
2025-02-10,LT,Trkiye,3928,1456,811,2,2472,826,835,1661,809
2025-02-11,LT,Trkiye,3738,1495,724,4,2243,754,765,1519,720
2025-01-01,UK,Ukraine,4,4,0,0,0,0,0,0,0
2025-01-02,UK,Ukraine,0,0,0,0,0,0,0,0,0
2025-01-03,UK,Ukraine,2,2,0,0,0,0,0,0,0
2025-01-04,UK,Ukraine,1,1,0,0,0,0,0,0,0
2025-01-05,UK,Ukraine,0,0,0,0,0,0,0,0,0
2025-01-06,UK,Ukraine,1,1,0,0,0,0,0,0,0
2025-01-07,UK,Ukraine,1,1,0,0,0,0,0,0,0
2025-01-08,UK,Ukraine,1,1,0,0,0,0,0,0,0
2025-01-09,UK,Ukraine,1,1,0,0,0,0,0,0,0
2025-01-10,UK,Ukraine,2,2,0,0,0,0,0,0,0
2025-01-11,UK,Ukraine,1,1,0,0,0,0,0,0,0
2025-01-12,UK,Ukraine,0,0,0,0,0,0,0,0,0
2025-01-13,UK,Ukraine,0,0,0,0,0,0,0,0,0
2025-01-14,UK,Ukraine,0,0,0,0,0,0,0,0,0
2025-01-15,UK,Ukraine,1,0,0,0,1,1,0,1,0
2025-01-16,UK,Ukraine,1,1,0,0,0,0,0,0,0
2025-01-17,UK,Ukraine,1,1,0,0,0,0,0,0,0
2025-01-18,UK,Ukraine,0,0,0,0,0,0,0,0,0
2025-01-19,UK,Ukraine,0,0,0,0,0,0,0,0,0
2025-01-20,UK,Ukraine,2,2,0,0,0,0,0,0,0
2025-01-21,UK,Ukraine,0,0,0,0,0,0,0,0,0
2025-01-22,UK,Ukraine,2,2,0,0,0,0,0,0,0
2025-01-23,UK,Ukraine,1,1,0,0,0,0,0,0,0
2025-01-24,UK,Ukraine,1,1,0,0,0,0,0,0,0
2025-01-25,UK,Ukraine,2,2,0,0,0,0,0,0,0
2025-01-26,UK,Ukraine,1,1,0,0,0,0,0,0,0
2025-01-27,UK,Ukraine,1,1,0,0,0,0,0,0,0
2025-01-28,UK,Ukraine,1,1,0,0,0,0,0,0,0
2025-01-29,UK,Ukraine,0,0,0,0,0,0,0,0,0
2025-01-30,UK,Ukraine,2,2,0,0,0,0,0,0,0
2025-01-31,UK,Ukraine,1,1,0,0,0,0,0,0,0
2025-02-01,UK,Ukraine,4,4,0,0,0,0,0,0,0
2025-02-02,UK,Ukraine,1,1,0,0,0,0,0,0,0
2025-02-03,UK,Ukraine,2,2,0,0,0,0,0,0,0
2025-02-04,UK,Ukraine,1,1,0,0,0,0,0,0,0
2025-02-05,UK,Ukraine,2,2,0,0,0,0,0,0,0
2025-02-06,UK,Ukraine,0,0,0,0,0,0,0,0,0
2025-02-07,UK,Ukraine,0,0,0,0,0,0,0,0,0
2025-02-08,UK,Ukraine,1,1,0,0,0,0,0,0,0
2025-02-09,UK,Ukraine,1,1,0,0,0,0,0,0,0
2025-02-10,UK,Ukraine,2,2,0,0,0,0,0,0,0
2025-02-11,UK,Ukraine,1,1,0,0,0,0,0,0,0
2025-01-01,EG,United Kingdom,5233,1189,426,1,4044,1804,1814,3618,425
2025-01-02,EG,United Kingdom,6380,1301,726,12,5079,2151,2202,4353,714
2025-01-03,EG,United Kingdom,6871,1405,856,14,5466,2294,2316,4610,842
2025-01-04,EG,United Kingdom,6430,1457,551,9,4973,2220,2202,4422,542
2025-01-05,EG,United Kingdom,6415,1480,617,5,4935,2136,2182,4318,612
2025-01-06,EG,United Kingdom,6466,1413,772,10,5053,2151,2130,4281,762
2025-01-07,EG,United Kingdom,5378,1161,651,16,4217,1783,1783,3566,635
2025-01-08,EG,United Kingdom,5003,1163,687,15,3840,1571,1582,3153,672
2025-01-09,EG,United Kingdom,5334,1224,747,20,4110,1671,1692,3363,727
2025-01-10,EG,United Kingdom,6152,1291,858,17,4861,2020,1983,4003,841
2025-01-11,EG,United Kingdom,5526,1312,440,8,4214,1896,1878,3774,432
2025-01-12,EG,United Kingdom,5990,1313,645,12,4677,2008,2024,4032,633
2025-01-13,EG,United Kingdom,5891,1328,762,18,4563,1900,1901,3801,744
2025-01-14,EG,United Kingdom,4791,1149,702,31,3642,1464,1476,2940,671
2025-01-15,EG,United Kingdom,4812,1144,664,16,3668,1501,1503,3004,648
2025-01-16,EG,United Kingdom,5383,1209,761,20,4174,1711,1702,3413,741
2025-01-17,EG,United Kingdom,6171,1327,867,12,4844,1993,1984,3977,855
2025-01-18,EG,United Kingdom,5547,1327,466,7,4220,1863,1891,3754,459
2025-01-19,EG,United Kingdom,5894,1257,609,13,4637,2006,2022,4028,596
2025-01-20,EG,United Kingdom,5957,1317,792,13,4640,1941,1907,3848,779
2025-01-21,EG,United Kingdom,4736,1074,689,19,3662,1477,1496,2973,670
2025-01-22,EG,United Kingdom,5030,1175,738,18,3855,1556,1561,3117,720
2025-01-23,EG,United Kingdom,5403,1167,791,20,4236,1737,1708,3445,771
2025-01-24,EG,United Kingdom,5154,1128,308,9,4026,1865,1853,3718,299
2025-01-25,EG,United Kingdom,5730,1301,502,11,4429,1958,1969,3927,491
2025-01-26,EG,United Kingdom,5882,1239,574,4,4643,2025,2044,4069,570
2025-01-27,EG,United Kingdom,5856,1235,793,16,4621,1918,1910,3828,777
2025-01-28,EG,United Kingdom,4840,1091,743,22,3749,1498,1508,3006,721
2025-01-29,EG,United Kingdom,4971,1086,759,22,3885,1574,1552,3126,737
2025-01-30,EG,United Kingdom,5520,1203,839,29,4317,1734,1744,3478,810
2025-01-31,EG,United Kingdom,6262,1249,883,14,5013,2060,2070,4130,869
2025-02-01,EG,United Kingdom,5790,1363,470,11,4427,1983,1974,3957,459
2025-02-02,EG,United Kingdom,6164,1243,667,12,4921,2107,2147,4254,655
2025-02-03,EG,United Kingdom,6062,1273,821,21,4789,2008,1960,3968,800
2025-02-04,EG,United Kingdom,5113,1099,743,20,4014,1644,1627,3271,723
2025-02-05,EG,United Kingdom,5234,1088,781,28,4146,1678,1687,3365,753
2025-02-06,EG,United Kingdom,5852,1227,834,25,4625,1906,1885,3791,809
2025-02-07,EG,United Kingdom,6596,1311,889,9,5285,2199,2197,4396,880
2025-02-08,EG,United Kingdom,6000,1362,502,6,4638,2060,2076,4136,496
2025-02-09,EG,United Kingdom,6337,1309,681,8,5028,2160,2187,4347,673
2025-02-10,EG,United Kingdom,6390,1329,876,11,5061,2094,2091,4185,865
2025-02-11,EG,United Kingdom,5412,1119,797,27,4293,1732,1764,3496,770
